ID,Label,Type,Gender,Year of Birth,Place of Birth,Image link
Q115839088,August Delbaere,Person,mannelijk,1847,Aalbeke,Geen foto beschikbaar
Q55672664,Hortense Delbaere,Person,vrouwelijk,1842,Aalbeke,Geen foto beschikbaar
Q115836535,Josephus Charle,Person,mannelijk,1823,Aalbeke,Geen foto beschikbaar
Q57197744,Ernestine De Seille,Person,vrouwelijk,1833,Aalter,Geen foto beschikbaar
Q115835763,Gerrit Pieter Roos,Person,mannelijk,1822,Aardenburg,Geen foto beschikbaar
Q125516501,Leonida Euphrasia Demonie,Person,vrouwelijk,1835,Aarsele,Geen foto beschikbaar
Q124619468,Amandus Devloo,Person,mannelijk,1856,Alveringem,Geen foto beschikbaar
Q125351404,Louis Vander Heyde,Person,mannelijk,1841,Alveringem,Geen foto beschikbaar
Q56036018,Albert Verwey,Person,mannelijk,1865,Amsterdam,http://commons.wikimedia.org/wiki/Special:FilePath/Portret%20van%20Albert%20Verwey%20Rijksmuseum%20SK-C-1680.jpeg
Q2627945,Ian Theodor Beelen,Person,mannelijk,1807,Amsterdam,Geen foto beschikbaar
Q2424814,Jacob Verdam,Person,mannelijk,1845,Amsterdam,http://commons.wikimedia.org/wiki/Special:FilePath/Portret%20van%20Jacob%20Verdam%2C%20hoogleraar%20Nederlandse%20Taal%20te%20Leiden%20Icones%20298.tiff
Q115839975,Joannes Alberdingk,Person,mannelijk,1788,Amsterdam,Geen foto beschikbaar
Q115831509,Joseph Alberdingk Thijm,Person,mannelijk,1820,Amsterdam,http://commons.wikimedia.org/wiki/Special:FilePath/Josephus%20Alberdingk%20Thijm%20portret%20%281864-1889%29.png
Q119003821,Louis David Petit,Person,mannelijk,1847,Amsterdam,Geen foto beschikbaar
Q115979048,Paul Alberdingk Thijm,Person,mannelijk,1827,Amsterdam,http://commons.wikimedia.org/wiki/Special:FilePath/Portret%20van%20Paul%20Alberdingk%20Thijm.jpg
Q2332586,Alexandre Marie Ghislain Gillès de Pélichy,Person,mannelijk,1844,Antwerpen,Geen foto beschikbaar
Q119013806,Aloïs Nelis,Person,mannelijk,1842,Antwerpen,Geen foto beschikbaar
Q42596,Frans De Cort,Person,mannelijk,1834,Antwerpen,Geen foto beschikbaar
Q571426,Hendrik Claes,Person,mannelijk,1849,Antwerpen,Geen foto beschikbaar
Q115815004,Hendrik Conscience,Person,mannelijk,1812,Antwerpen,http://commons.wikimedia.org/wiki/Special:FilePath/Hendrik%20Conscience.jpg
Q7190386,Jan Van Beers,Person,mannelijk,1821,Antwerpen,http://commons.wikimedia.org/wiki/Special:FilePath/Jan%20Van%20Beers.jpg
Q123741345,Julius Bouten,Person,mannelijk,1859,Antwerpen,Geen foto beschikbaar
Q672816,Max Rooses,Person,mannelijk,1839,Antwerpen,http://commons.wikimedia.org/wiki/Special:FilePath/Max%20Rooses.jpg
Q42306892,Pieter Génard,Person,mannelijk,1830,Antwerpen,http://commons.wikimedia.org/wiki/Special:FilePath/PieterG%C3%A9nard.jpg
Q113681935,Victor Alexis dela Montagne,Person,mannelijk,1854,Antwerpen,http://commons.wikimedia.org/wiki/Special:FilePath/Victor%20De%20la%20Montagne.png
Q2658862,Auguste Reynaert,Person,mannelijk,1833,Anzegem,http://commons.wikimedia.org/wiki/Special:FilePath/Kortrijk%20Astridpark-11.JPG
Q116687356,Leonardus Lootens,Person,mannelijk,1858,Anzegem,Geen foto beschikbaar
Q2770967,Eugenie Marie Delbaere,Person,vrouwelijk,1854,Ardooie,Geen foto beschikbaar
Q114945031,Leonie Sophie Marie De Ketelaere,Person,vrouwelijk,1850,Assebroek,Geen foto beschikbaar
Q2754460,Pieter Raoux,Person,mannelijk,1845,Assebroek,Geen foto beschikbaar
Q5026719,Camille Lateur,Person,mannelijk,1841,Avelgem,Geen foto beschikbaar
Q2087117,Raymond Muyldermans,Person,mannelijk,1864,Balen,Geen foto beschikbaar
Q21549953,Joaquim Rubió i Ors,Person,mannelijk,1818,Barcelona,http://commons.wikimedia.org/wiki/Special:FilePath/Rubio%20i%20ors.jpg
Q123689972,Camiel-Hector Marichal,Person,mannelijk,1860,Beernem,Geen foto beschikbaar
Q56174577,Catherine O'Farrell,Person,vrouwelijk,1869,Belfast,Geen foto beschikbaar
Q116689485,Élie Henri Marie Félix de Coussemaker,Person,mannelijk,1845,Belle,Geen foto beschikbaar
Q15461013,François Auguste Van Costenoble,Person,mannelijk,1821,Belle,Geen foto beschikbaar
Q115827506,Ignace de Coussemaker,Person,mannelijk,1842,Belle,Geen foto beschikbaar
Q117244395,René-François Flahault,Person,mannelijk,1838,Belle,Geen foto beschikbaar
Q76019711,Johannes Franck,Person,mannelijk,1854,Bendorf,Geen foto beschikbaar
Q43140929,Adolf Pauwels,Person,mannelijk,1864,Berchem,Geen foto beschikbaar
Q131928133,P. F. Van De Meulebroucke,Person,mannelijk,1823,Berchem,Geen foto beschikbaar
Q115819139,Paul Kiroul,Person,mannelijk,1873,Berchem,Geen foto beschikbaar
Q354052,Jean Joseph Loiseaux,Person,mannelijk,1815,Bergen,Geen foto beschikbaar
Q115818168,August Cuppens,Person,mannelijk,1862,Beringen,Geen foto beschikbaar
Q110039191,Alfons Bouckaert,Person,mannelijk,1867,Beveren,Geen foto beschikbaar
Q122963909,Edouardus Vyncke,Person,mannelijk,1822,Beveren,Geen foto beschikbaar
Q2065109,Felix Degrendel,Person,mannelijk,1836,Beveren,Geen foto beschikbaar
Q115982548,Isidoor Hemeryck,Person,mannelijk,1843,Beveren,Geen foto beschikbaar
Q123050504,Leonard Lodewijk De Bo,Person,mannelijk,1826,Beveren,http://commons.wikimedia.org/wiki/Special:FilePath/Leonard%20Lodewijk%20De%20Bo.jpg
Q122790642,Maria De Bo,Person,vrouwelijk,1828,Beveren,Geen foto beschikbaar
Q125544971,Victor Van Coillie,Person,mannelijk,1838,Beveren,Geen foto beschikbaar
Q118555164,Katherine Wharton,Person,vrouwelijk,1853,Beverley,Geen foto beschikbaar
Q1978131,Henri Van De Wattyne,Person,mannelijk,1859,Biervliet,Geen foto beschikbaar
Q118644563,Virginie Nyffels,Person,vrouwelijk,1825,Bissegem,Geen foto beschikbaar
Q116508674,Robert John Stanislaw Edmonstone,Person,mannelijk,1844,Blackburn,Geen foto beschikbaar
Q119794240,Heinrich Hubert Schmitz,Person,mannelijk,1835,Bonn,Geen foto beschikbaar
Q3166510,Joannes Spillemaeckers,Person,mannelijk,1857,Boom,Geen foto beschikbaar
Q117246781,Louisa Maria Anna Verdbois,Person,vrouwelijk,1846,Bouillon,Geen foto beschikbaar
Q115844249,Richard Andree,Person,mannelijk,1835,Braunschweig,http://commons.wikimedia.org/wiki/Special:FilePath/%D0%A0%D0%B8%D1%85%D0%B0%D1%80%D0%B4%20%D0%90%D0%BD%D0%B4%D1%80%D0%B5.jpg
Q115980136,Jemima Stroud,Person,vrouwelijk,1812,Brentford,Geen foto beschikbaar
Q122780659,Mary Ann F. Andrewes,Person,vrouwelijk,1812,Brentford,Geen foto beschikbaar
Q116688354,Lucy Weguelin,Person,vrouwelijk,1839,Brighton,Geen foto beschikbaar
Q119006339,Robert Coffin,Person,mannelijk,1819,Brighton,Geen foto beschikbaar
Q121002664,Joseph Cox Algar,Person,mannelijk,1819,Bristol,Geen foto beschikbaar
Q116621328,Mary Catherine Cole,Person,vrouwelijk,1858,Bristol,Geen foto beschikbaar
Q119701807,John Joseph Peter Ross,Person,mannelijk,1800,Brompton,Geen foto beschikbaar
Q113754119,Adolf De Wolf,Person,mannelijk,1844,Brugge,Geen foto beschikbaar
Q2524668,Adolf Duclos,Person,mannelijk,1841,Brugge,http://commons.wikimedia.org/wiki/Special:FilePath/Adolf%20Duclos001.jpg
Q4722117,Adolf Lootens,Person,mannelijk,1835,Brugge,Geen foto beschikbaar
Q118142378,Alfons Algoet,Person,mannelijk,1847,Brugge,Geen foto beschikbaar
Q2298746,Aloïs Van de Pitte,Person,mannelijk,1859,Brugge,Geen foto beschikbaar
Q11071766,Alphonse De Leyn,Person,mannelijk,1839,Brugge,Geen foto beschikbaar
Q62117109,Antoine Wemaer,Person,mannelijk,1812,Brugge,Geen foto beschikbaar
Q120999304,Auguste Reyns,Person,mannelijk,1849,Brugge,Geen foto beschikbaar
Q115825488,Auguste Van Speybrouck,Person,mannelijk,1843,Brugge,Geen foto beschikbaar
Q115840920,Augustinus De Geetere,Person,mannelijk,1839,Brugge,Geen foto beschikbaar
Q115829623,Bernard Joseph Weale,Person,mannelijk,1865,Brugge,Geen foto beschikbaar
Q117409336,Caesar Gezelle,Person,mannelijk,1875,Brugge,Geen foto beschikbaar
Q122974430,Charles Gillès de Pelichy,Person,mannelijk,1872,Brugge,Geen foto beschikbaar
Q55233295,Charles Joseph Vercauteren,Person,mannelijk,1806,Brugge,Geen foto beschikbaar
Q1149378,Charles van Caloen,Person,mannelijk,1815,Brugge,http://commons.wikimedia.org/wiki/Special:FilePath/PM%20161806%20B%20Loppem%20%28Charles%20van%20Caloen%29.jpg
Q115834834,Cyril James Weale,Person,mannelijk,1857,Brugge,Geen foto beschikbaar
Q55911879,Denis Auguste Julien Roger,Person,mannelijk,1866,Brugge,Geen foto beschikbaar
Q122903342,Dymphna Gezelle,Person,vrouwelijk,1873,Brugge,http://commons.wikimedia.org/wiki/Special:FilePath/Foto%20Dymphna%20Gezelle%20%282%29.jpg
Q115836962,Edmond De Plancke,Person,mannelijk,1842,Brugge,Geen foto beschikbaar
Q110039219,Edward Gailliard,Person,mannelijk,1841,Brugge,Geen foto beschikbaar
Q115808465,Emile Florimond Herman Van Biervliet,Person,mannelijk,1851,Brugge,Geen foto beschikbaar
Q1334711,Emilie van Outryve d'Ydewalle,Person,vrouwelijk,1826,Brugge,Geen foto beschikbaar
Q120556695,Ernestine Francisca Marie Van Langermeersch,Person,vrouwelijk,1853,Brugge,Geen foto beschikbaar
Q116621789,Eugeen-Karel Van Steenkiste,Person,mannelijk,1841,Brugge,Geen foto beschikbaar
Q122964092,Florence Gezelle,Person,vrouwelijk,1847,Brugge,http://commons.wikimedia.org/wiki/Special:FilePath/Foto%20van%20Florence%20Gezelle.jpg
Q15956,François De Brouwer,Person,mannelijk,1846,Brugge,Geen foto beschikbaar
Q121078001,François Van den Abeele,Person,mannelijk,1824,Brugge,Geen foto beschikbaar
Q125541827,Gustave Delescluze,Person,mannelijk,1842,Brugge,Geen foto beschikbaar
Q115840173,Hendrik Pickery,Person,mannelijk,1828,Brugge,http://commons.wikimedia.org/wiki/Special:FilePath/Hendrik%20Pickery%20gedenkteken%20R03.jpg
Q129069726,Hortense Gezelle,Person,vrouwelijk,1866,Brugge,http://commons.wikimedia.org/wiki/Special:FilePath/Foto%20van%20Hortense%20Gezelle.jpg
Q116508494,Jean-Baptiste de Bethune jr.,Person,mannelijk,1853,Brugge,Geen foto beschikbaar
Q120733873,Johan De Stoop,Person,mannelijk,1824,Brugge,Geen foto beschikbaar
Q61506427,Joseph Axters,Person,mannelijk,1850,Brugge,Geen foto beschikbaar
Q1707941,Joseph Gezelle,Person,mannelijk,1840,Brugge,Geen foto beschikbaar
Q115811334,Joseph Herreboudt,Person,mannelijk,1841,Brugge,Geen foto beschikbaar
Q3185717,Joseph Louis Van Heede,Person,mannelijk,1862,Brugge,Geen foto beschikbaar
Q2306925,Joseph Ryelandt,Person,mannelijk,1870,Brugge,http://commons.wikimedia.org/wiki/Special:FilePath/Joseph%20Ryelandt.jpg
Q123055332,Joseph Van Damme,Person,mannelijk,1856,Brugge,Geen foto beschikbaar
Q122872579,Jozef Gezelle,Person,mannelijk,1867,Brugge,Geen foto beschikbaar
Q101627274,Jules Perquy,Person,mannelijk,1870,Brugge,Geen foto beschikbaar
Q2542423,Karel Beyaert,Person,mannelijk,1848,Brugge,Geen foto beschikbaar
Q41885755,Karel De Flou,Person,mannelijk,1853,Brugge,Geen foto beschikbaar
Q115835156,Leon Auguste Joseph Marie Verhoef,Person,mannelijk,1866,Brugge,Geen foto beschikbaar
Q110039170,Léon van Ockerhout,Person,mannelijk,1829,Brugge,Geen foto beschikbaar
Q86735347,Lodewijk Van Haecke,Person,mannelijk,1829,Brugge,http://commons.wikimedia.org/wiki/Special:FilePath/Portret%20van%20pastoor%20L.%20Van%20Haecke%2C%201897%2C%20Groeningemuseum%2C%200040504000.jpg
Q119627464,Louis De Plancke,Person,mannelijk,1869,Brugge,Geen foto beschikbaar
Q125819387,Louis Gilliodts,Person,mannelijk,1827,Brugge,Geen foto beschikbaar
Q64727835,Louise Gezelle,Person,vrouwelijk,1834,Brugge,http://commons.wikimedia.org/wiki/Special:FilePath/Foto%20van%20Louise%20Gezelle%20en%20Stijn%20Streuvels.jpg
Q116672748,Maria Magdalena Gezelle,Person,vrouwelijk,1878,Brugge,http://commons.wikimedia.org/wiki/Special:FilePath/Foto%20Philomena%20De%20Smet%2C%20Maria%20Gezelle%20en%20Hortense%20Gezelle%20%28cropped%29.jpg
Q116510958,Marie Thérèse Joseph Anne Louise Julie Flore Clotilde Roels,Person,vrouwelijk,1848,Brugge,Geen foto beschikbaar
Q75320317,Mary Margaret Weale,Person,vrouwelijk,1869,Brugge,Geen foto beschikbaar
Q118612085,Mathilde Sophie Theresia Renodeyn,Person,vrouwelijk,1839,Brugge,Geen foto beschikbaar
Q116621407,Medardus Van De Poele,Person,mannelijk,1840,Brugge,Geen foto beschikbaar
Q125538145,Octavie Petyt,Person,vrouwelijk,1852,Brugge,Geen foto beschikbaar
Q123413906,Romaan Gislijn Gezelle,Person,mannelijk,1832,Brugge,Geen foto beschikbaar
Q116621828,Séraphine Cathérine De Wulf,Person,vrouwelijk,1810,Brugge,Geen foto beschikbaar
Q719358,Stéphanie Hendryckx,Person,vrouwelijk,1839,Brugge,Geen foto beschikbaar
Q3557112,Theophiel Goethals,Person,mannelijk,1843,Brugge,Geen foto beschikbaar
Q125535061,Vitalis Jerome Joannes Trogh,Person,mannelijk,1844,Brugge,Geen foto beschikbaar
Q118189670,Cathérine Joséphine Mesnage,Person,vrouwelijk,1839,Brussel,Geen foto beschikbaar
Q123414143,Eugène Charles Jean Valentin de Peñaranda,Person,mannelijk,1839,Brussel,Geen foto beschikbaar
Q116508871,Gustave Henri Flamen,Person,mannelijk,1837,Brussel,Geen foto beschikbaar
Q113627806,Hendrik Brinck,Person,mannelijk,1830,Brussel,Geen foto beschikbaar
Q118136722,Philippe Van der Haeghen,Person,mannelijk,1825,Brussel,Geen foto beschikbaar
Q123722465,Prosper Antoine Van Langendonck,Person,mannelijk,1862,Brussel,http://commons.wikimedia.org/wiki/Special:FilePath/Langendonck.jpg
Q122833200,Michael Buckley,Person,mannelijk,1800,Cahir,Geen foto beschikbaar
Q118189985,Frederick William Faber,Person,mannelijk,1814,Calverley,http://commons.wikimedia.org/wiki/Special:FilePath/Frederick%20William%20Faber.jpg
Q116620896,William Crombleholme,Person,mannelijk,1825,Chipping,Geen foto beschikbaar
Q115806424,Jonathan Henry Woodward,Person,mannelijk,1805,County Cavan,Geen foto beschikbaar
Q120556534,Delphine Frederica Marie Blancke,Person,vrouwelijk,1847,Dadizele,Geen foto beschikbaar
Q116620937,Julianus Maria Isidorus Blancke,Person,mannelijk,1844,Dadizele,Geen foto beschikbaar
Q22002048,Pieter Busschaert,Person,mannelijk,1840,Damme,Geen foto beschikbaar
Q100534520,Adolf Verriest,Person,mannelijk,1830,Deerlijk,http://commons.wikimedia.org/wiki/Special:FilePath/Adolf%20Karel%20vader%20Petrus%20moeder%20Carolina%20Verriest%20in%201861.jpg
Q2496044,Gustaaf Verriest,Person,mannelijk,1843,Deerlijk,http://commons.wikimedia.org/wiki/Special:FilePath/Gustaaf%20Louise%20Oda%20Hugo%20Verriest%20in%201861.jpg
Q115818849,Hugo Verriest,Person,mannelijk,1840,Deerlijk,http://commons.wikimedia.org/wiki/Special:FilePath/HugoVerriest.jpg
Q115979996,Julius Pieter Lodewijk Vantomme,Person,mannelijk,1811,Deerlijk,Geen foto beschikbaar
Q122987963,Oda Verriest,Person,vrouwelijk,1832,Deerlijk,Geen foto beschikbaar
Q5580544,Adrianus Bogaers,Person,mannelijk,1795,Den Haag,http://commons.wikimedia.org/wiki/Special:FilePath/Adrianus%20Bogaers.jpg
Q125342034,Marguerite Marie Josephine Sonck,Person,vrouwelijk,1882,Denderleeuw,Geen foto beschikbaar
Q3080591,Emmanuel Hiel,Person,mannelijk,1834,Dendermonde,http://commons.wikimedia.org/wiki/Special:FilePath/Hiel%2C%20Emmanuel%20%281834-1899%29%3B%20dichter%20en%20schrijver%2C%20Nauwens%2C%20Joseph%2C%20Felixarchief%2C%2012%2012840.jpg
Q116621363,Mary Constantia Clifford,Person,vrouwelijk,1825,Devon,http://commons.wikimedia.org/wiki/Special:FilePath/Foto%20Mary%20Clifford.jpg
Q115807960,Polydoor Dionysius Daniëls,Person,mannelijk,1845,Diest,http://commons.wikimedia.org/wiki/Special:FilePath/Eerwaarde%20Heer%20pastoor%20Dani%C3%ABls%2C%20PA04467.jpg
Q115818151,Theophilus Roucourt,Person,mannelijk,1834,Diest,Geen foto beschikbaar
Q115820635,Alfred Guichon de Grandpont,Person,mannelijk,1807,Dijon,Geen foto beschikbaar
Q125472556,Charles Delcour,Person,mannelijk,1811,Dolhain,http://commons.wikimedia.org/wiki/Special:FilePath/Membres%20du%20Minist%C3%A8re%20%28Delcour%29.jpg
Q116620790,Samuel Roper,Person,mannelijk,1800,Dorset,Geen foto beschikbaar
Q120718341,Edezius Goormachtigh,Person,mannelijk,1843,Dottenijs,Geen foto beschikbaar
Q115837633,Louis Goormachtigh,Person,mannelijk,1836,Dottenijs,Geen foto beschikbaar
Q822307,Bartholomew Woodlock,Person,mannelijk,1819,Dublin,http://commons.wikimedia.org/wiki/Special:FilePath/Bartholomew%20Woodlock%2C%20portrait.png
Q122853878,Catherine Hart,Person,vrouwelijk,1823,Dublin,Geen foto beschikbaar
Q120472271,Katharine Woodlock,Person,vrouwelijk,1837,Dublin,Geen foto beschikbaar
Q118766019,William Woodlock,Person,mannelijk,1801,Dublin,Geen foto beschikbaar
Q125490771,Alexandre Bonvarlet,Person,mannelijk,1826,Duinkerke,http://commons.wikimedia.org/wiki/Special:FilePath/Alexandre%20Bonvarlet%20by%20Michel%20Berthaud.jpg
Q120855780,Louise Adèle Pauline Van Brabant,Person,vrouwelijk,1850,Duinkerke,Geen foto beschikbaar
Q56036026,Sidonie Mahieu,Person,vrouwelijk,1838,Duinkerke,Geen foto beschikbaar
Q119040354,Charles Grant Edmonstone,Person,mannelijk,1841,Dumbarton,Geen foto beschikbaar
Q2715338,Cecilia Sarah De Lisle,Person,vrouwelijk,1826,Edinburgh,Geen foto beschikbaar
Q116621487,Carolus Van den Broucke,Person,mannelijk,1827,Eernegem,Geen foto beschikbaar
Q123697088,Edward Van Robays,Person,mannelijk,1855,Egem,Geen foto beschikbaar
Q116660566,Felix Verstraete,Person,mannelijk,1819,Egem,Geen foto beschikbaar
Q56036025,Rosalia Verstraete,Person,vrouwelijk,1827,Egem,Geen foto beschikbaar
Q120973922,Paul Van Dorpe,Person,mannelijk,1853,Eine,Geen foto beschikbaar
Q115831039,Amand de Vos,Person,mannelijk,1840,Eksaarde,http://commons.wikimedia.org/wiki/Special:FilePath/Wazenaar%20Amand%20de%20Vos.jpg
Q2062803,Vital De Vos,Person,mannelijk,,Eksaarde,Geen foto beschikbaar
Q115815852,Elodie De Beer,Person,vrouwelijk,1858,Elene,Geen foto beschikbaar
Q2159132,Pieter Baes,Person,mannelijk,1848,Elverdinge,Geen foto beschikbaar
Q64302,Remigius De Ryckere,Person,mannelijk,1837,Emelgem,Geen foto beschikbaar
Q120721942,Edmund Benedict Hicks,Person,mannelijk,1841,Emsworth,Geen foto beschikbaar
Q116508558,Ann Jordan,Person,vrouwelijk,1831,Engeland,Geen foto beschikbaar
Q14331462,Robrecht Willaert,Person,mannelijk,1840,Esen,Geen foto beschikbaar
Q115980044,Isabelle Marie de Proli,Person,vrouwelijk,1821,Essen,Geen foto beschikbaar
Q3531475,Joannes De Neve,Person,mannelijk,1821,Evergem,Geen foto beschikbaar
Q2617184,Justine Van De Velde,Person,vrouwelijk,1810,Evergem,http://commons.wikimedia.org/wiki/Special:FilePath/Bidprentje%20Justine%20Van%20de%20Velde.jpg
Q1877721,Catherine Simpson Mackenzie,Person,vrouwelijk,1830,Fortrose,Geen foto beschikbaar
Q3421496,Alphonse de Voss,Person,mannelijk,1840,Frankrijk,Geen foto beschikbaar
Q123051567,Agnes Cecilia Young,Person,vrouwelijk,,Geboorteplaats niet bekend,Geen foto beschikbaar
Q586323,Albert Aimé Marie Vandewalle,Person,mannelijk,,Geboorteplaats niet bekend,Geen foto beschikbaar
Q120973166,Alfons Steinmetz,Person,mannelijk,1838,Geboorteplaats niet bekend,Geen foto beschikbaar
Q123050649,Angelus August Eugeen Angillis,Person,mannelijk,1830,Geboorteplaats niet bekend,Geen foto beschikbaar
Q125535110,August Selosse,Person,mannelijk,,Geboorteplaats niet bekend,Geen foto beschikbaar
Q120640333,Charles Alban Buckler,Person,mannelijk,1824,Geboorteplaats niet bekend,Geen foto beschikbaar
Q5006521,Charles Denys,Person,mannelijk,,Geboorteplaats niet bekend,Geen foto beschikbaar
Q3538623,Charles Joseph Pagliano,Person,mannelijk,,Geboorteplaats niet bekend,Geen foto beschikbaar
Q2457997,Clara Andrews,Person,vrouwelijk,,Geboorteplaats niet bekend,Geen foto beschikbaar
Q115839353,Edouard Lietaer,Person,mannelijk,,Geboorteplaats niet bekend,Geen foto beschikbaar
Q120644522,Emiel Van Den Berghe,Person,mannelijk,,Geboorteplaats niet bekend,Geen foto beschikbaar
Q125352256,Ernest Edouard Marie Eeman,Person,mannelijk,,Geboorteplaats niet bekend,Geen foto beschikbaar
Q115814591,Eugène Cortyl,Person,mannelijk,1846,Geboorteplaats niet bekend,Geen foto beschikbaar
Q2684959,Felix De Nolf,Person,mannelijk,,Geboorteplaats niet bekend,Geen foto beschikbaar
Q2606766,George Parker,Person,mannelijk,1838,Geboorteplaats niet bekend,Geen foto beschikbaar
Q378133,Heloise Geneviève Gruselle,Person,vrouwelijk,,Geboorteplaats niet bekend,Geen foto beschikbaar
Q115979994,Henri Nolf,Person,mannelijk,1818,Geboorteplaats niet bekend,Geen foto beschikbaar
Q117244596,Hippoliet Verhulst,Person,mannelijk,,Geboorteplaats niet bekend,Geen foto beschikbaar
Q120176244,Jan Baptist Vervliet,Person,mannelijk,1855,Geboorteplaats niet bekend,Geen foto beschikbaar
Q115820195,John Crawley,Person,mannelijk,,Geboorteplaats niet bekend,Geen foto beschikbaar
Q120999228,Jozef Bahri,Person,mannelijk,,Geboorteplaats niet bekend,Geen foto beschikbaar
Q115836854,Laura Perkins,Person,vrouwelijk,,Geboorteplaats niet bekend,Geen foto beschikbaar
Q115844668,Leon Verwilghen,Person,mannelijk,,Geboorteplaats niet bekend,Geen foto beschikbaar
Q28973666,Leopold Josephus Marie Nobels,Person,mannelijk,,Geboorteplaats niet bekend,Geen foto beschikbaar
Q2134167,Loquela,Person,,,Geboorteplaats niet bekend,Geen foto beschikbaar
Q115818009,Louis Beyaert-Defoort,Person,mannelijk,1817,Geboorteplaats niet bekend,Geen foto beschikbaar
Q119637011,Louis Lorthioir,Person,mannelijk,,Geboorteplaats niet bekend,Geen foto beschikbaar
Q115835025,Louis Wallays,Person,mannelijk,,Geboorteplaats niet bekend,Geen foto beschikbaar
Q116621811,Macarios Haddad,Person,mannelijk,1810,Geboorteplaats niet bekend,Geen foto beschikbaar
Q122801530,Odilon Van Den Berghe,Person,mannelijk,1857,Geboorteplaats niet bekend,Geen foto beschikbaar
Q56036064,Patrick Joseph Ryan,Person,mannelijk,1800,Geboorteplaats niet bekend,Geen foto beschikbaar
Q28584401,Petrus Josephus Maria Van Doorne,Person,mannelijk,,Geboorteplaats niet bekend,Geen foto beschikbaar
Q14101076,Pierre Joseph Deraedt,Person,mannelijk,,Geboorteplaats niet bekend,Geen foto beschikbaar
Q6242432,Pieter Jan Gezelle,Person,mannelijk,1791,Geboorteplaats niet bekend,Geen foto beschikbaar
Q119699762,Prosper Bernard,Person,mannelijk,,Geboorteplaats niet bekend,Geen foto beschikbaar
Q120651810,Remi Ghesquiere,Person,mannelijk,1866,Geboorteplaats niet bekend,Geen foto beschikbaar
Q120248482,Theofiel Van Heuverswyn,Person,mannelijk,1864,Geboorteplaats niet bekend,Geen foto beschikbaar
Q322106,Victor Van De Kerckhove,Person,mannelijk,,Geboorteplaats niet bekend,Geen foto beschikbaar
Q120471627,William Thompson,Person,mannelijk,,Geboorteplaats niet bekend,Geen foto beschikbaar
Q118547498,Zuidnederlandsche Maatschappij van Taalkunde,Person,,,Geboorteplaats niet bekend,Geen foto beschikbaar
Q118733026,Desideer Meersseman,Person,mannelijk,1828,Geluveld,Geen foto beschikbaar
Q120550899,Edouard François Huys,Person,mannelijk,1822,Geluwe,Geen foto beschikbaar
Q123050974,Karel Lodewijk Van Raes,Person,mannelijk,1887,Geluwe,Geen foto beschikbaar
Q123615494,Victor Huys,Person,mannelijk,1829,Geluwe,Geen foto beschikbaar
Q2675588,Alfons Maria Napoleon Prayon-van Zuylen van Nyevelt,Person,mannelijk,1848,Gent,Geen foto beschikbaar
Q115821483,Alfred Neut,Person,mannelijk,1845,Gent,Geen foto beschikbaar
Q115815697,Aloïs Walgrave,Person,mannelijk,1876,Gent,Geen foto beschikbaar
Q115834833,Arthur Jean Botte,Person,mannelijk,1865,Gent,Geen foto beschikbaar
Q4902927,Edmond Neut,Person,mannelijk,1841,Gent,Geen foto beschikbaar
Q115839320,Edouard Amand Justin Marie Neut,Person,mannelijk,1843,Gent,Geen foto beschikbaar
Q116509612,Ferdinand Vanderhaeghen,Person,mannelijk,1830,Gent,http://commons.wikimedia.org/wiki/Special:FilePath/Ferdinand%20Vander%20Haeghen.jpg
Q1286149,Frans De Potter,Person,mannelijk,1834,Gent,http://commons.wikimedia.org/wiki/Special:FilePath/De%20Potter%20Frans%20070512.png
Q3163681,Jean Casier,Person,mannelijk,1820,Gent,http://commons.wikimedia.org/wiki/Special:FilePath/Portret%20van%20Jean%20Casier%201880%20barcode%20910000105033.jpg
Q55770641,Joseph Van den Gheyn,Person,mannelijk,1854,Gent,http://commons.wikimedia.org/wiki/Special:FilePath/Joseph%20van%20den%20Gheyn%20%281854-1913%29.jpg
Q115846413,Jules Lammens,Person,mannelijk,1822,Gent,Geen foto beschikbaar
Q1950196,Julius Obrie,Person,mannelijk,1849,Gent,Geen foto beschikbaar
Q131928167,Maria Philomena D'Hondt,Person,vrouwelijk,1838,Gent,Geen foto beschikbaar
Q129072389,Marie Bert,Person,vrouwelijk,1842,Gent,Geen foto beschikbaar
Q18655152,Maurice Vander Haeghen,Person,mannelijk,1858,Gent,Geen foto beschikbaar
Q123742237,Napoleon de Pauw,Person,mannelijk,1835,Gent,http://commons.wikimedia.org/wiki/Special:FilePath/NapoleonDePauw.jpg
Q125365561,Savina L.J. van Caloen-de Gourcy,Person,vrouwelijk,1825,Gent,http://commons.wikimedia.org/wiki/Special:FilePath/Foto%20Savina%20Van%20Caloen.tif
Q125274323,Theophiel Coopman,Person,mannelijk,1852,Gent,http://commons.wikimedia.org/wiki/Special:FilePath/Theophiel%20Coopman%20%281852-1915%29.jpg
Q118766019,Willem De Vreese,Person,mannelijk,1869,Gent,http://commons.wikimedia.org/wiki/Special:FilePath/WillemDeVreese.jpg
Q125359350,Juliaan Fové,Person,mannelijk,1863,Gistel,Geen foto beschikbaar
Q2832059,Albany James Christie,Person,mannelijk,1817,Groot-Londen,Geen foto beschikbaar
Q120729190,Bruno Vander Stichele,Person,mannelijk,1862,Gullegem,Geen foto beschikbaar
Q115832532,Jules Huysentruyt,Person,mannelijk,1841,Gullegem,Geen foto beschikbaar
Q116522102,Ruth Rose Drew,Person,vrouwelijk,1816,Haiderabad,Geen foto beschikbaar
Q128904091,Louis Vanheule,Person,mannelijk,1815,Halewijn,Geen foto beschikbaar
Q2481707,Amaat Joos,Person,mannelijk,1855,Hamme,http://commons.wikimedia.org/wiki/Special:FilePath/Amaat%20Joos.jpg
Q120488044,Pieter van den Broeck,Person,mannelijk,1866,Hamme,Geen foto beschikbaar
Q123417058,Adela Pauline Courtens,Person,vrouwelijk,1832,Harelbeke,Geen foto beschikbaar
Q123606015,Marie Antoinette Descamps,Person,vrouwelijk,1854,Harelbeke,Geen foto beschikbaar
Q117246934,Marie-Antoinette Pollenus,Person,vrouwelijk,1832,Hasselt,Geen foto beschikbaar
Q121078322,Edward William Fulker,Person,mannelijk,1833,"Hawthorn Hill, Berkshire",Geen foto beschikbaar
Q118547498,Willem Lodewijk van Helten,Person,mannelijk,1849,Hedel,http://commons.wikimedia.org/wiki/Special:FilePath/WLvanHelten.jpg
Q122754021,Eugénie De Neve,Person,vrouwelijk,1845,Heist,Geen foto beschikbaar
Q329468,Jan De Neve,Person,mannelijk,1836,Heist,Geen foto beschikbaar
Q122884053,Benedictus Goeman,Person,mannelijk,1854,Heldergem,Geen foto beschikbaar
Q2638823,Alfons De Cock,Person,mannelijk,1850,Herdersem,http://commons.wikimedia.org/wiki/Special:FilePath/Alfons%20de%20Cock%2C%20PA05233.jpg
Q115834690,Aimé Lagae,Person,mannelijk,1806,Heule,Geen foto beschikbaar
Q2100582,Alfons Dassonville,Person,mannelijk,1860,Heule,Geen foto beschikbaar
Q123422368,Catherine de Kyvere,Person,vrouwelijk,1833,Heule,Geen foto beschikbaar
Q1920135,Jacobus Vanden Berghe,Person,mannelijk,1801,Heule,Geen foto beschikbaar
Q119041487,Joseph Devos,Person,mannelijk,1865,Heule,Geen foto beschikbaar
Q119041387,Karel Foulon,Person,mannelijk,1827,Heule,Geen foto beschikbaar
Q122798023,Maria Constantia Gezelle,Person,vrouwelijk,1801,Heule,Geen foto beschikbaar
Q117229566,Maria Josepha Gezelle,Person,vrouwelijk,1790,Heule,Geen foto beschikbaar
Q115818718,Stijn Streuvels,Person,mannelijk,1871,Heule,http://commons.wikimedia.org/wiki/Special:FilePath/Stijn%20Streuvels%20by%20Modest%20Huys%20%28cropped%29.jpg
Q13576607,Emfrentiana De Backere,Person,vrouwelijk,1843,Heusden,Geen foto beschikbaar
Q121078208,Louis Judocus Rooms,Person,mannelijk,1865,Heusden,Geen foto beschikbaar
Q42853596,Jacobus Augustinus de Rijk,Person,mannelijk,1831,Hilversum,Geen foto beschikbaar
Q120191174,Evarist De Boeck,Person,mannelijk,1858,Hofstade,Geen foto beschikbaar
Q115837342,Constant Van Coillie,Person,mannelijk,1854,Hooglede,Geen foto beschikbaar
Q125257906,Petrus Baelden,Person,mannelijk,1830,Houtem,Geen foto beschikbaar
Q122775600,Camillus Delaere,Person,mannelijk,1860,Hulste,Geen foto beschikbaar
Q120377148,Hendrik Berghman,Person,mannelijk,1841,Ieper,Geen foto beschikbaar
Q94896539,Hendrik Mortier,Person,mannelijk,1835,Ieper,Geen foto beschikbaar
Q115838569,Jean-Baptiste Malou,Person,mannelijk,1809,Ieper,http://commons.wikimedia.org/wiki/Special:FilePath/Joannes%20Baptista%20Malou%20-%20Bishop%20of%20Bruges.jpg
Q3450211,Armand Valcke,Person,mannelijk,1847,Ingelmunster,Geen foto beschikbaar
Q2203619,Camiel Roelandts,Person,mannelijk,1835,Ingelmunster,Geen foto beschikbaar
Q120793054,Constantinus Roelandts,Person,mannelijk,1833,Ingelmunster,Geen foto beschikbaar
Q115811038,Emiel Lauwers,Person,mannelijk,1858,Ingelmunster,http://commons.wikimedia.org/wiki/Special:FilePath/Emiel%20Lauwers%20-%20Kortrijk%20-%20Belgi%C3%AB.jpg
Q3067739,Joannes Catulle,Person,mannelijk,1835,Ingelmunster,Geen foto beschikbaar
Q125257556,Maria Ludovica Charlotta Lauwers,Person,vrouwelijk,1856,Ingelmunster,Geen foto beschikbaar
Q123554207,Maria Ludovica Charlotta Lauwers,Person,vrouwelijk,1868,Ingelmunster,Geen foto beschikbaar
Q3346571,Henri Delbaere,Person,mannelijk,1838,Ingooigem,Geen foto beschikbaar
Q117244772,Maria Juliana Lucia Delbaere,Person,vrouwelijk,1845,Ingooigem,Geen foto beschikbaar
Q115982545,Francis Lawrence Weale,Person,mannelijk,1855,Islington,Geen foto beschikbaar
Q115840234,Bruno Van Hove,Person,mannelijk,1819,Izegem,http://commons.wikimedia.org/wiki/Special:FilePath/A%20Monsieur%20le%20chanoine%20Van%20Hove%2C%201869%2C%20Musea%20Brugge%2C%200020.GRO0352.III.jpg
Q115838249,Gustaaf Van de Putte,Person,mannelijk,1853,Izegem,Geen foto beschikbaar
Q115818541,Gustaaf Verheust-Dekeyser,Person,mannelijk,1850,Izegem,Geen foto beschikbaar
Q123717111,Hendrik Van Witberghe,Person,mannelijk,1843,Izegem,Geen foto beschikbaar
Q118151362,Valentine Josephine Marie Terrière,Person,vrouwelijk,1868,Izegem,Geen foto beschikbaar
Q118120903,Lodewijk Willem Schuermans,Person,mannelijk,1821,Kampenhout,Geen foto beschikbaar
Q118732552,Hippoliet Haerynck,Person,mannelijk,1858,Keiem,Geen foto beschikbaar
Q122791049,Elisabeth Latham,Person,vrouwelijk,1863,Killarney,Geen foto beschikbaar
Q122842009,Georgina Coxon,Person,vrouwelijk,1830,Killarney,Geen foto beschikbaar
Q115826830,Augustus Rodts,Person,mannelijk,1857,Knesselare,Geen foto beschikbaar
Q123689724,Jerôme Vervaeke,Person,mannelijk,1860,Koekelare,Geen foto beschikbaar
Q119217729,Achille Croquison,Person,mannelijk,1845,Kortrijk,Geen foto beschikbaar
Q115830433,Anna Demets,Person,vrouwelijk,1842,Kortrijk,http://commons.wikimedia.org/wiki/Special:FilePath/Portretfoto%20Anna%20Demets.jpg
Q115979140,Antoon Verwaetermeulen,Person,mannelijk,1870,Kortrijk,Geen foto beschikbaar
Q115835531,Augustin Van Becelaere,Person,mannelijk,1820,Kortrijk,Geen foto beschikbaar
Q2154331,Bruno Joseph Jean Vandale,Person,mannelijk,1813,Kortrijk,Geen foto beschikbaar
Q115839380,Camillus Paul Maes,Person,mannelijk,1846,Kortrijk,http://commons.wikimedia.org/wiki/Special:FilePath/Bishop%20Camillus%20Paul%20Maes.jpg
Q115838420,Carolina Theresia Lefebvre,Person,vrouwelijk,1812,Kortrijk,Geen foto beschikbaar
Q115104760,Charles-Jean De Mulié,Person,mannelijk,1812,Kortrijk,Geen foto beschikbaar
Q115819047,Clementia Hiers,Person,vrouwelijk,1819,Kortrijk,http://commons.wikimedia.org/wiki/Special:FilePath/Portret%20van%20Clementia%20Hiers%20%28Hendrik%20De%20Pondt%2C%201878%29.jpg
Q115816445,Colette Virginie Parvost,Person,vrouwelijk,1818,Kortrijk,Geen foto beschikbaar
Q122884757,Cordelia Van de Wiele,Person,vrouwelijk,1840,Kortrijk,http://commons.wikimedia.org/wiki/Special:FilePath/Cordelia%20Van%20de%20Wiele%20-%20secretaresse%20Guido%20Gezelle.jpg
Q116679969,Elvina Marie Verbeke,Person,vrouwelijk,1847,Kortrijk,Geen foto beschikbaar
Q113486838,Emile Tillieux,Person,mannelijk,1860,Kortrijk,Geen foto beschikbaar
Q117227040,Emile Vandale,Person,mannelijk,1839,Kortrijk,Geen foto beschikbaar
Q125282135,Emma Crombet,Person,vrouwelijk,1835,Kortrijk,Geen foto beschikbaar
Q115855636,Eugénie Barbe Peel,Person,vrouwelijk,1806,Kortrijk,Geen foto beschikbaar
Q125351679,Félicie Marie Heldenbergh,Person,vrouwelijk,1864,Kortrijk,Geen foto beschikbaar
Q115838563,Felix Achille de Bethune,Person,mannelijk,1824,Kortrijk,Geen foto beschikbaar
Q2319173,Georges Vincent Eugène Louis Beyaert,Person,mannelijk,1856,Kortrijk,Geen foto beschikbaar
Q113731929,Jan van Damme,Person,mannelijk,1863,Kortrijk,Geen foto beschikbaar
Q3164253,Jean van Ruymbeke,Person,mannelijk,1846,Kortrijk,Geen foto beschikbaar
Q125257816,Jean-Baptiste Bethune,Person,mannelijk,1821,Kortrijk,http://commons.wikimedia.org/wiki/Special:FilePath/JBBethune%20par%20Raoux.jpg
Q118495679,Jeannette Marie Rosseeuw,Person,vrouwelijk,1860,Kortrijk,Geen foto beschikbaar
Q125491053,Jozef Van Damme,Person,mannelijk,1860,Kortrijk,Geen foto beschikbaar
Q125341815,Jules Vandenpeereboom,Person,mannelijk,1843,Kortrijk,http://commons.wikimedia.org/wiki/Special:FilePath/Jules%20van%20den%20Peereboom.jpg
Q55232762,Julienne Elise Van De Wiele,Person,vrouwelijk,1826,Kortrijk,Geen foto beschikbaar
Q2619202,Léonie Pauline Marie Bersou,Person,vrouwelijk,1855,Kortrijk,Geen foto beschikbaar
Q20902162,Louis Vercruysse,Person,mannelijk,1870,Kortrijk,Geen foto beschikbaar
Q123399726,Marie Flore Joseph Goemaere,Person,vrouwelijk,1864,Kortrijk,Geen foto beschikbaar
Q116509131,Marie Sophie Devys,Person,vrouwelijk,1846,Kortrijk,Geen foto beschikbaar
Q125361599,Marie Sophie Joséphine Delva,Person,vrouwelijk,1840,Kortrijk,http://commons.wikimedia.org/wiki/Special:FilePath/Foto%20Marie%20Sophie%20Bruneel-Delva.jpg
Q121053317,Mathilde Catteeuw,Person,vrouwelijk,1856,Kortrijk,http://commons.wikimedia.org/wiki/Special:FilePath/Doodsprentje%20Mathilde%20Catteeuw.tif
Q120884878,Pierre Nicolas Croquison,Person,mannelijk,1806,Kortrijk,http://commons.wikimedia.org/wiki/Special:FilePath/Pierre%20Nicolas%20Croquison.jpg
Q113675636,René Vermandere,Person,mannelijk,1857,Kortrijk,Geen foto beschikbaar
Q29019503,Victor Vercruysse,Person,mannelijk,1832,Kortrijk,Geen foto beschikbaar
Q115834468,Achilles Bohyn,Person,mannelijk,1851,Kruishoutem,Geen foto beschikbaar
Q115818424,Achiel Piepers,Person,mannelijk,1871,Kuurne,Geen foto beschikbaar
Q119217815,Marie Stéphanie Vantomme,Person,vrouwelijk,1852,Kuurne,Geen foto beschikbaar
Q115836217,Pieter Benoit,Person,mannelijk,1820,Kuurne,Geen foto beschikbaar
Q117246862,August William McDonogh,Person,mannelijk,1841,Lambeth,Geen foto beschikbaar
Q113925472,Edward Declercq,Person,mannelijk,1830,Lauwe,Geen foto beschikbaar
Q2491266,Joannes Vandenweghe,Person,mannelijk,1848,Ledegem,Geen foto beschikbaar
Q115842281,Andries J. Winkler,Person,mannelijk,1866,Leeuwarden,Geen foto beschikbaar
Q115839946,J.H.J. van Wageningen thoe Dekema,Person,mannelijk,1860,Leeuwarden,http://commons.wikimedia.org/wiki/Special:FilePath/Jan%20van%20Wageningen%20thoe%20Dekema.jpg
Q119007176,Johan Winkler,Person,mannelijk,1840,Leeuwarden,http://commons.wikimedia.org/wiki/Special:FilePath/Johan%20Winkler.jpg
Q120442396,Edmond Wallays,Person,mannelijk,1842,Leffinge,Geen foto beschikbaar
Q120491424,Johan Joseph Faict,Person,mannelijk,1813,Leffinge,http://commons.wikimedia.org/wiki/Special:FilePath/Brugge%20-%20Bisschop%20Faict%20%281864-1894%29%20-%20Brugge%20-%20Belgi%C3%AB.jpg
Q118998471,Cyriel Delaere,Person,mannelijk,1861,Lendelede,Geen foto beschikbaar
Q115981938,Febronie Lemettre,Person,vrouwelijk,1843,Lendelede,Geen foto beschikbaar
Q119217748,Edward Van Even,Person,mannelijk,1821,Leuven,http://commons.wikimedia.org/wiki/Special:FilePath/EdwardVanEven.jpg
Q119039938,Flora Maria Mastraeten,Person,vrouwelijk,1837,Leuven,Geen foto beschikbaar
Q115979418,Aloysius Farasyn,Person,mannelijk,1840,Lichtervelde,Geen foto beschikbaar
Q3515115,Pieter Lansens,Person,mannelijk,1801,Lichtervelde,http://commons.wikimedia.org/wiki/Special:FilePath/Pieter%20Lansens.jpg
Q764378,August Laporta,Person,mannelijk,1864,Lier,Geen foto beschikbaar
Q110039159,Jan Baptist David,Person,mannelijk,1801,Lier,http://commons.wikimedia.org/wiki/Special:FilePath/Jan%20Baptist%20David%20-%20lithograph%20by%20Louis%20Tuerlinckx.jpg
Q51168899,Thomas Grant,Person,mannelijk,1816,Ligny-lès-Aire,Geen foto beschikbaar
Q1851297,Lawrence Toole,Person,mannelijk,1807,Liverpool,Geen foto beschikbaar
Q122963358,Edmond Van Hee,Person,mannelijk,1841,Lo,Geen foto beschikbaar
Q114081509,Hendrik Dobbelaere,Person,mannelijk,1839,Lo,Geen foto beschikbaar
Q115834873,Jeroom Noterdaeme,Person,mannelijk,1862,Lo,Geen foto beschikbaar
Q26845752,Alfons Van Hee,Person,mannelijk,1846,Lo-Reninge,Geen foto beschikbaar
Q115813025,Augusta Lewis Bampfield,Person,vrouwelijk,1825,Londen,Geen foto beschikbaar
Q123600982,Catharine Macdaniel,Person,vrouwelijk,1815,Londen,Geen foto beschikbaar
Q116510419,"Charlotte Fitzalan-Howard, Duchess of Norfolk",Person,vrouwelijk,1788,Londen,http://commons.wikimedia.org/wiki/Special:FilePath/Charlotte%20Sophia%2C%20Countess%20of%20Surrey%20%281788-1870%29%2C%20by%20studio%20of%20Sir%20Thomas%20Lawrence.jpg
Q13575367,Edith-Cathare Smith,Person,vrouwelijk,1869,Londen,Geen foto beschikbaar
Q117229438,Elisa Robinson,Person,vrouwelijk,1808,Londen,Geen foto beschikbaar
Q120855316,Emily Jane Martin,Person,vrouwelijk,1840,Londen,Geen foto beschikbaar
Q125275288,Ernest Albin Smith,Person,mannelijk,1844,Londen,Geen foto beschikbaar
Q87648661,Helena Amelia Walton,Person,vrouwelijk,1838,Londen,Geen foto beschikbaar
Q75279907,Mary Ann Walton,Person,vrouwelijk,1839,Londen,Geen foto beschikbaar
Q122842204,Mary Anne Macdaniel,Person,vrouwelijk,1819,Londen,Geen foto beschikbaar
Q121000890,Spencer Francis Smith,Person,mannelijk,1863,Londen,Geen foto beschikbaar
Q120471627,Walter William Skeat,Person,mannelijk,1835,Londen,http://commons.wikimedia.org/wiki/Special:FilePath/Portrait%20of%20Walter%20William%20Skeat.jpg
Q42196616,Ernest Marie Joseph Martin Michel van Caloen,Person,mannelijk,1859,Loppem,Geen foto beschikbaar
Q115844439,Gerard van Caloen,Person,mannelijk,1853,Loppem,http://commons.wikimedia.org/wiki/Special:FilePath/G%C3%A9rard%20van%20Caloen%20%28detail%29.jpg
Q125365215,Félix Pierre Victor Raikem,Person,mannelijk,1846,Luik,Geen foto beschikbaar
Q128034737,Margareta Laura Augusta Lassence,Person,vrouwelijk,1857,Luik,Geen foto beschikbaar
Q115829884,Taco Hajo de Beer,Person,mannelijk,1838,Maarssen,Geen foto beschikbaar
Q104643440,Lodewijk Roersch,Person,mannelijk,1831,Maastricht,Geen foto beschikbaar
Q1796639,Pieter Willems,Person,mannelijk,1840,Maastricht,http://commons.wikimedia.org/wiki/Special:FilePath/PieterWillems.png
Q116687401,Teresa Hercy,Person,vrouwelijk,1820,Maidenhead,Geen foto beschikbaar
Q118725738,Frédéric Mistral,Person,mannelijk,1830,Maillane,http://commons.wikimedia.org/wiki/Special:FilePath/Frederic%20Mistral%20portrait%20photo.jpg
Q126113249,Desiderius De Pau,Person,mannelijk,1853,Maldegem,Geen foto beschikbaar
Q115982426,Henry Edwin Harford,Person,mannelijk,1837,Manchester,Geen foto beschikbaar
Q115817390,Thomas Harrison Sale,Person,mannelijk,1841,Manchester,Geen foto beschikbaar
Q2163210,Jan Willem Brouwers,Person,mannelijk,1831,Margraten,http://commons.wikimedia.org/wiki/Special:FilePath/Jan%20Willem%20Brouwers%20%281831-1893%29%2C%20gravure%20J.%20Walter%20%28coll.%20Catharijne%20Convent%29.jpg
Q2426280,Leopold Slosse,Person,mannelijk,1842,Marke,Geen foto beschikbaar
Q116621725,Marcel Provence,Person,mannelijk,1892,Marseille,Geen foto beschikbaar
Q2062803,William Henry James Weale,Person,mannelijk,1832,Marylebone,http://commons.wikimedia.org/wiki/Special:FilePath/James%20Weale.jpg
Q118732528,Petrus De Smedt,Person,mannelijk,1859,Mazenzele,Geen foto beschikbaar
Q115837646,Gustaaf Janssens,Person,mannelijk,1858,Mechelen,Geen foto beschikbaar
Q125306156,Adelaida Antonia Vuylsteke,Person,vrouwelijk,1825,Menen,Geen foto beschikbaar
Q116620739,Casimir Affenaer,Person,mannelijk,1826,Menen,Geen foto beschikbaar
Q115979952,Eduard Verraes,Person,mannelijk,1829,Menen,Geen foto beschikbaar
Q128903989,Marie Mélanie Jeanne Vanackere,Person,vrouwelijk,1852,Menen,Geen foto beschikbaar
Q120920568,Victor Beheyt,Person,mannelijk,1852,Menen,Geen foto beschikbaar
Q111336261,Karel Frans Stallaert,Person,mannelijk,1820,Merchtem,http://commons.wikimedia.org/wiki/Special:FilePath/KarelFransStallaert.jpg
Q119013626,Joseph Karel Lodewijk Van Impe,Person,mannelijk,1855,Mere,Geen foto beschikbaar
Q2099446,Alphonse de Voss,Person,mannelijk,1840,Mesen,Geen foto beschikbaar
Q2215154,Arthur Maria Gustavus Florimond Plettinck,Person,mannelijk,1861,Meulebeke,Geen foto beschikbaar
Q120504176,Franciscus Benoot,Person,mannelijk,1833,Meulebeke,Geen foto beschikbaar
Q970833,Karel De Backer,Person,mannelijk,1841,Meulebeke,Geen foto beschikbaar
Q122753360,Marie Philomene Van Walleghem,Person,vrouwelijk,1837,Meulebeke,Geen foto beschikbaar
Q123050592,Rijkaart Carette,Person,mannelijk,1846,Meulebeke,Geen foto beschikbaar
Q116620896,Zulma De Bo,Person,vrouwelijk,1866,Meulebeke,Geen foto beschikbaar
Q122779793,Cuthbert Robinson,Person,mannelijk,1842,Middlesex,Geen foto beschikbaar
Q119039774,Amélie Emérentine Joseph Mullier,Person,vrouwelijk,1810,Moeskroen,Geen foto beschikbaar
Q3032807,Henri Delbar,Person,mannelijk,1833,Moeskroen,Geen foto beschikbaar
Q122818902,Bernard Bernard,Person,mannelijk,1821,Mogues,http://commons.wikimedia.org/wiki/Special:FilePath/%28Baumg1889%29%20Bernard%20Bernard%20%28Kathol.%20Missionar%20auf%20Island%29.jpg
Q1280942,Amand Neut,Person,mannelijk,1812,Moorsele,Geen foto beschikbaar
Q2546317,Ernest Rembry,Person,mannelijk,1835,Moorsele,Geen foto beschikbaar
Q126734623,Julia Van Renterghem,Person,vrouwelijk,1848,Moorslede,Geen foto beschikbaar
Q115836783,Bertha Wachowsky,Person,vrouwelijk,1843,Münster,Geen foto beschikbaar
Q115839360,Bertha Wachowsky,Person,vrouwelijk,1943,Münster,Geen foto beschikbaar
Q115844105,Augustijn Van Heuverswyn,Person,mannelijk,1859,Nazareth,Geen foto beschikbaar
Q117244211,Désiré Claes,Person,mannelijk,1836,Neerlinter,Geen foto beschikbaar
Q116621552,Mary Elizabeth Johnson,Person,vrouwelijk,1853,Newcastle upon Tyne,Geen foto beschikbaar
Q125535061,William Leadbitter,Person,mannelijk,1832,Newcastle upon Tyne,Geen foto beschikbaar
Q115979029,Caroline Harriet Locke,Person,vrouwelijk,1850,Newcastle West,Geen foto beschikbaar
Q120639934,Arthur Robinson,Person,mannelijk,1814,Newport,Geen foto beschikbaar
Q4865289,Augustus Declerc,Person,mannelijk,1831,Nieuwpoort,Geen foto beschikbaar
Q175669,Servaas Domien Daems,Person,mannelijk,1838,Noorderwijk,Geen foto beschikbaar
Q123399443,Camille Looten,Person,mannelijk,1855,Noordpene,http://commons.wikimedia.org/wiki/Special:FilePath/Canon%20Camille%20Looten.jpg
Q115822210,Placidus Haghebaert,Person,mannelijk,1849,Noordschote,Geen foto beschikbaar
Q125357784,Marion Violet Thomas,Person,vrouwelijk,1849,Norfolk,Geen foto beschikbaar
Q122971101,Charles Hodgson Fowler,Person,mannelijk,1840,Nottinghamshire,http://commons.wikimedia.org/wiki/Special:FilePath/Church%20of%20St%20Oswald%20-%20detail%20of%20stained%20glass%20window%20depicting%20church%20architect%2C%20Charles%20Hodgson%20Fowler%20%28cropped%29.jpg
Q2413334,Mathilde Germonprez,Person,vrouwelijk,1838,Nukerke,Geen foto beschikbaar
Q125353522,Juliana Decloedt,Person,vrouwelijk,1858,Oedelem,Geen foto beschikbaar
Q122903266,Seraphijn Dequidt,Person,mannelijk,1858,Oeren,Geen foto beschikbaar
Q37766220,Jakob Muyldermans,Person,mannelijk,1855,Oksdonk,Geen foto beschikbaar
Q115308515,Bruno De Splenter,Person,mannelijk,1835,Ooigem,Geen foto beschikbaar
Q113466955,Constantin Thoma,Person,mannelijk,1836,Oostende,Geen foto beschikbaar
Q116621171,Edward Vlietinck,Person,mannelijk,1864,Oostende,Geen foto beschikbaar
Q55420570,Julien Maurus,Person,mannelijk,1843,Oostende,Geen foto beschikbaar
Q37793252,Louise Joséphine Doyen,Person,vrouwelijk,1835,Oostende,Geen foto beschikbaar
Q120897770,Antoon Jozef Witteryck,Person,mannelijk,1865,Oostkamp,http://commons.wikimedia.org/wiki/Special:FilePath/Wytterick%2023.JPG
Q2672741,Jean Scherpereel,Person,mannelijk,1806,Oostnieuwkerke,Geen foto beschikbaar
Q115821474,Jules Roose,Person,mannelijk,1860,Oostnieuwkerke,Geen foto beschikbaar
Q110039180,Pieter Jan Timmerman,Person,mannelijk,1838,Oostnieuwkerke,Geen foto beschikbaar
Q18093100,Vincent Lefere,Person,mannelijk,1862,Oostnieuwkerke,Geen foto beschikbaar
Q120727152,Jan Craeynest,Person,mannelijk,1858,Oostrozebeke,Geen foto beschikbaar
Q2181847,Jeanne Marie Emilie Colette Ghislaine de Bethune,Person,vrouwelijk,1884,Oostrozebeke,Geen foto beschikbaar
Q115823191,Victor Lambrecht,Person,mannelijk,1864,Oostrozebeke,Geen foto beschikbaar
Q961180,Isidoor Verdoodt,Person,mannelijk,1863,Opwijk,Geen foto beschikbaar
Q120514200,Edward Verschelde,Person,mannelijk,1841,Otegem,Geen foto beschikbaar
Q115834868,Hendrik Vandendriessche,Person,mannelijk,1839,Otegem,Geen foto beschikbaar
Q118792556,Edmond Van der Straeten,Person,mannelijk,1826,Oudenaarde,http://commons.wikimedia.org/wiki/Special:FilePath/Portret%20van%20Edmond%20Van%20der%20Straeten%201895%20barcode%20910000105444.jpg
Q125365471,Mary Louisa Farbrother,Person,vrouwelijk,1828,Oxford,Geen foto beschikbaar
Q377071,Domenico Pisani,Person,mannelijk,1841,Palmata,Geen foto beschikbaar
Q2360599,Anne Hill,Person,vrouwelijk,1811,Pendleton,Geen foto beschikbaar
Q115826199,Maurice Denis Kavanagh,Person,mannelijk,1825,Penzance,Geen foto beschikbaar
Q15982597,Maurice Denis Kavanagh,Person,mannelijk,1843,Penzance,Geen foto beschikbaar
Q661733,Charles Carton,Person,mannelijk,1802,Pittem,http://commons.wikimedia.org/wiki/Special:FilePath/Charles%20Carton.jpg
Q2345694,Eduard De Jonghe,Person,mannelijk,1826,Pittem,Geen foto beschikbaar
Q125559890,Henri Dufour,Person,mannelijk,1853,Pittem,Geen foto beschikbaar
Q120829902,Jules Joye,Person,mannelijk,1868,Pittem,Geen foto beschikbaar
Q2050293,Alfons Van Doorne,Person,mannelijk,1849,Poeke,Geen foto beschikbaar
Q11029222,Hendrik Karel Van Doorne,Person,mannelijk,1841,Poeke,Geen foto beschikbaar
Q116621699,Maria Josepha Augusta Van Doorne,Person,vrouwelijk,1840,Poeke,Geen foto beschikbaar
Q18415039,Pelagie Vuylsteke,Person,vrouwelijk,1840,Poelkapelle,Geen foto beschikbaar
Q2580620,Aloïs Baelen,Person,mannelijk,1839,Poperinge,Geen foto beschikbaar
Q116656531,Angelus Dumelie,Person,mannelijk,1834,Poperinge,Geen foto beschikbaar
Q2360914,Eduardus Edmondus Van Wtberghe,Person,mannelijk,1838,Poperinge,Geen foto beschikbaar
Q120913841,Franciscus Augustus Van Wtberghe,Person,mannelijk,1830,Poperinge,Geen foto beschikbaar
Q119625198,Henricus De Badts,Person,mannelijk,1837,Poperinge,Geen foto beschikbaar
Q56036067,Livinus Bruneel,Person,mannelijk,1798,Poperinge,Geen foto beschikbaar
Q122872984,Grace Sherrington,Person,vrouwelijk,1838,Preston,Geen foto beschikbaar
Q115840228,Hendrik Kern,Person,mannelijk,1833,Purworejo,http://commons.wikimedia.org/wiki/Special:FilePath/Johan%20Hendrik%20Caspar%20Kern.jpg
Q119011751,Jan Frans De Block,Person,mannelijk,1858,Puurs,Geen foto beschikbaar
Q116659577,Maria Helena Pieters,Person,vrouwelijk,1877,Reninge,Geen foto beschikbaar
Q115818781,Leo Lodewijk Hubert Simons,Person,mannelijk,1857,Roermond,Geen foto beschikbaar
Q80079104,Thérèse Hubertine Abels,Person,vrouwelijk,1842,Roermond,Geen foto beschikbaar
Q111342238,Julius Leroy,Person,mannelijk,1858,Roesbrugge-Haringe,Geen foto beschikbaar
Q122971839,Arsenius Dehulster,Person,mannelijk,1847,Roeselare,Geen foto beschikbaar
Q115839443,Constantin Lagae,Person,mannelijk,1841,Roeselare,Geen foto beschikbaar
Q18533827,Edmond Denys,Person,mannelijk,1865,Roeselare,Geen foto beschikbaar
Q13575404,Edward De Gryse,Person,mannelijk,1848,Roeselare,http://commons.wikimedia.org/wiki/Special:FilePath/Edward%20De%20Gryse%20-%20priester-deken%20-%20Kortrijk.jpg
Q122915335,Emiel Demonie,Person,mannelijk,1846,Roeselare,Geen foto beschikbaar
Q117226377,Emilie Marie Justine Demonie,Person,vrouwelijk,1856,Roeselare,Geen foto beschikbaar
Q43129301,Isidorus Fraeys,Person,mannelijk,1846,Roeselare,Geen foto beschikbaar
Q17428533,Jules De Meester,Person,mannelijk,1857,Roeselare,Geen foto beschikbaar
Q721772,Jules Lagae,Person,mannelijk,1862,Roeselare,http://commons.wikimedia.org/wiki/Special:FilePath/Jules%20Lagae%20%281862-1931%29.jpg
Q115831295,Karel Callebert,Person,mannelijk,1837,Roeselare,Geen foto beschikbaar
Q118289639,Karel Legein,Person,mannelijk,1837,Roeselare,Geen foto beschikbaar
Q119040262,Laurentius Dehulster,Person,mannelijk,1844,Roeselare,Geen foto beschikbaar
Q15982596,Pierre Laigneil,Person,mannelijk,1842,Roeselare,Geen foto beschikbaar
Q125394996,Victor Lanssen,Person,mannelijk,1844,Roeselare,Geen foto beschikbaar
Q115823355,Augustinus Ghequiere,Person,mannelijk,1856,Rollegem,Geen foto beschikbaar
Q117264774,Gustave Waffelaert,Person,mannelijk,1847,Rollegem,http://commons.wikimedia.org/wiki/Special:FilePath/Gustaaf%20Jozef%20Waffelaert%20-%2022ste%20bisschop%20van%20Brugge%20-%20Belgi%C3%AB.jpg
Q119013873,Achiel Van de Putte,Person,mannelijk,1868,Rollegem-Kapelle,Geen foto beschikbaar
Q3171149,Jan Nolet de Brauwere van Steeland,Person,mannelijk,1815,Rotterdam,http://commons.wikimedia.org/wiki/Special:FilePath/Portret%20van%20Jan%20Nolet%20de%20Brauwere%20van%20Steeland%2C%20RP-P-1906-1206.jpg
Q125334130,Marie Elise Amandine Lateur,Person,vrouwelijk,1866,Roubaix,http://commons.wikimedia.org/wiki/Special:FilePath/Foto%20Caesar%20Gezelle%2C%20Philomena%20De%20Smet%20en%20Elisa%20Lateur.jpg
Q115833316,Aloysius De Visschere,Person,mannelijk,1853,Ruddervoorde,Geen foto beschikbaar
Q115835605,Emiel De Visschere,Person,mannelijk,1861,Ruddervoorde,Geen foto beschikbaar
Q115818649,Joseph-Olivier Andries,Person,mannelijk,1796,Ruddervoorde,http://commons.wikimedia.org/wiki/Special:FilePath/J%20O%20Andries%201836.jpg
Q115981931,Ferdinand Van de Putte,Person,mannelijk,1807,Rumbeke,http://commons.wikimedia.org/wiki/Special:FilePath/Ferdinand%20Van%20de%20Putte.jpg
Q120199426,Henri Rommel,Person,mannelijk,1847,Rumbeke,Geen foto beschikbaar
Q122854006,Jean-Aloys Van Steenkiste,Person,mannelijk,1830,Rumbeke,Geen foto beschikbaar
Q110039361,Pieter Plets,Person,mannelijk,1841,Rumbeke,Geen foto beschikbaar
Q125559455,Mathilde Jeanne Marie de Robiano,Person,vrouwelijk,1831,Rumillies,Geen foto beschikbaar
Q115809464,Sophie Marie Louise de Robiano,Person,vrouwelijk,1835,Rumillies,Geen foto beschikbaar
Q2677198,Jules Alphonse Marie Ghislain Verest,Person,mannelijk,1858,Rupelmonde,Geen foto beschikbaar
Q122830932,Casper Lambertus van Langenhuijsen,Person,mannelijk,1802,s-Hertogenbosch,Geen foto beschikbaar
Q116460145,Georges William Gadd,Person,mannelijk,1842,Salford,Geen foto beschikbaar
Q125359798,Marie Colette Joséphine Caïmo,Person,vrouwelijk,1829,Schelle,Geen foto beschikbaar
Q117244643,Peter Jozef Scherpenseel,Person,mannelijk,1842,Schinveld,Geen foto beschikbaar
Q120920666,Nicholas Wiseman,Person,mannelijk,1802,Sevilla,http://commons.wikimedia.org/wiki/Special:FilePath/Wiseman.jpg
Q115836065,Domenico Macry Correale,Person,mannelijk,1859,Siderno,Geen foto beschikbaar
Q2191260,Gustaf François Marie Van Mullem,Person,mannelijk,1868,Sijsele,Geen foto beschikbaar
Q118120867,Edgar Tinel,Person,mannelijk,1854,Sinaai,http://commons.wikimedia.org/wiki/Special:FilePath/Edgar%20Tinel%201911.jpg
Q981444,Honoratus Van Wezemael,Person,mannelijk,1854,Sinaai,Geen foto beschikbaar
Q123416074,Hendrik Q. Janssen,Person,mannelijk,1812,Sint Anna ter Muiden,Geen foto beschikbaar
Q975292,Jan Ferguut,Person,mannelijk,1835,Sint-Amands,Geen foto beschikbaar
Q115811922,Florimond Vanden Bulcke,Person,mannelijk,1853,Sint-Denijs,Geen foto beschikbaar
Q115821481,Katarina Vanhoenacker,Person,vrouwelijk,1807,Sint-Denijs,Geen foto beschikbaar
Q119796023,Frans Verbeke,Person,mannelijk,1860,Sint-Eloois-Vijve,Geen foto beschikbaar
Q122831276,Amelia Vander Stichele,Person,vrouwelijk,1816,Sint-Eloois-Winkel,http://commons.wikimedia.org/wiki/Special:FilePath/Schilderij%20Henri%20Dobbelaere%20Engelendale.jpg
Q62080181,Emmanuel Hiel,Person,mannelijk,1834,Sint-Gillis-bij-Dendermonde,http://commons.wikimedia.org/wiki/Special:FilePath/Hiel%2C%20Emmanuel%20%281834-1899%29%3B%20dichter%20en%20schrijver%2C%20Nauwens%2C%20Joseph%2C%20Felixarchief%2C%2012%2012840.jpg
Q118772822,Albéric Emmanuel Henri Marie Ghislain Ruzette,Person,mannelijk,1866,Sint-Joost-ten-Node,http://commons.wikimedia.org/wiki/Special:FilePath/Weekblad%20Pallieter%20-%20voorpagina%201924%2023%20baron%20ruzette.jpg
Q122794969,Marie Julie Eugénie Goddyn,Person,vrouwelijk,1852,Sint-Joost-ten-Node,Geen foto beschikbaar
Q13769746,Leopold Pycke,Person,mannelijk,1839,Sint-Kornelis-Horebeke,Geen foto beschikbaar
Q131923924,Amédée Visart de Bocarmé,Person,mannelijk,1835,Sint-Kruis,http://commons.wikimedia.org/wiki/Special:FilePath/Portret%20van%20burgemeester%20Am%C3%A9d%C3%A9e%20Visart%20de%20Bocarm%C3%A9%2C%20circa%201837%20-%20circa%201924%2C%20Groeningemuseum%2C%200041286000.jpg
Q1894475,Franciscus Boudeweel,Person,mannelijk,1838,Sint-Lievens-Houtem,Geen foto beschikbaar
Q2182589,Philomena De Smet,Person,vrouwelijk,1840,Sint-Lievens-Houtem,Geen foto beschikbaar
Q118175361,Louise Sidonie Vervaet,Person,vrouwelijk,1836,Sint-Margriete,Geen foto beschikbaar
Q56036023,Eugeen de Lepeleer,Person,mannelijk,1856,Sint-Maria-Oudenhove,Geen foto beschikbaar
Q56036059,Alfons Janssens,Person,mannelijk,1841,Sint-Niklaas,http://commons.wikimedia.org/wiki/Special:FilePath/Alfons%20Janssens.jpg
Q125859018,Elisabeth Josèphe Thérèse van den Broeck,Person,vrouwelijk,1844,Sint-Niklaas,Geen foto beschikbaar
Q119860278,Hélène Janssens,Person,vrouwelijk,1882,Sint-Niklaas,Geen foto beschikbaar
Q123416923,Karel Heynderickx,Person,mannelijk,1875,Sint-Niklaas,Geen foto beschikbaar
Q2059291,Auguste de Laage de Bellefaye,Person,mannelijk,1821,Sint-Omaars,Geen foto beschikbaar
Q115979130,Augustin Frutsaert,Person,mannelijk,1822,Sint-Omaars,Geen foto beschikbaar
Q116620970,Sophia Elizabeth Peeters,Person,vrouwelijk,1833,Sint-Pauwels,http://commons.wikimedia.org/wiki/Special:FilePath/Portret%20Sophie%20Peeters.jpg
Q110039252,Hendrik Sermon,Person,mannelijk,1833,Sint-Pieters-Leeuw,Geen foto beschikbaar
Q115806479,Jozef Van Heffen,Person,mannelijk,1828,Sint-Pieters-Leeuw,Geen foto beschikbaar
Q115839965,Hendrik Prévost,Person,mannelijk,1834,Sint-Winoksbergen,Geen foto beschikbaar
Q15627098,Albany James Christie,Person,mannelijk,1817,Southwark,Geen foto beschikbaar
Q116687284,Agnes Mary Christophers,Person,vrouwelijk,1822,St Pancras,Geen foto beschikbaar
Q115982485,Francesca Christophers,Person,vrouwelijk,1816,St Pancras,Geen foto beschikbaar
Q119625085,August Hoflack,Person,mannelijk,1852,Staden,Geen foto beschikbaar
Q119729450,Alexis De Carne,Person,mannelijk,1848,Stavele,Geen foto beschikbaar
Q122842403,August Vermeylen,Person,mannelijk,1872,Stedelijk gebied Brussel,http://commons.wikimedia.org/wiki/Special:FilePath/AugustVermeylen2.jpg
Q115827696,Henri Louis Joseph Messiaen,Person,mannelijk,1842,Ten Brielen,Geen foto beschikbaar
Q98322098,Constantinus Van Zieleghem,Person,mannelijk,1831,Tielt,Geen foto beschikbaar
Q2183646,Emiel De Brabandere,Person,mannelijk,1841,Tielt,Geen foto beschikbaar
Q120900509,Emiel Minne,Person,mannelijk,1827,Tielt,Geen foto beschikbaar
Q125360612,Gustavus Henricus Jochem,Person,mannelijk,1833,Tielt,Geen foto beschikbaar
Q23895006,Jan Hendrik Loosveldt,Person,mannelijk,1835,Tielt,Geen foto beschikbaar
Q115809938,Joseph Samyn,Person,mannelijk,1854,Tielt,Geen foto beschikbaar
Q119224999,Karel Van De Vyvere,Person,mannelijk,1852,Tielt,Geen foto beschikbaar
Q131957313,Leonardus Vandemaele,Person,mannelijk,1840,Tielt,Geen foto beschikbaar
Q119794988,Lodewijk Scharpé,Person,mannelijk,1869,Tielt,http://commons.wikimedia.org/wiki/Special:FilePath/GlasraamLodewijkScharpe.jpg
Q120629807,Victor Leonardus Franciscus Goethals,Person,mannelijk,1865,Tielt,Geen foto beschikbaar
Q13429634,Amélie Frère,Person,vrouwelijk,1840,Tongeren,Geen foto beschikbaar
Q123414712,Maria Ida Jacobina Daerden,Person,vrouwelijk,1861,Tongeren,Geen foto beschikbaar
Q123052123,Eugeen van Oye,Person,mannelijk,1840,Torhout,http://commons.wikimedia.org/wiki/Special:FilePath/Eugeen%20van%20Oye%20-%20Statue%20in%20Gistel.jpg
Q115819088,Karel de Gheldere,Person,mannelijk,1839,Torhout,Geen foto beschikbaar
Q118998340,Leonie Manceau,Person,vrouwelijk,1850,Torhout,Geen foto beschikbaar
Q115831919,Modest Delplace,Person,mannelijk,1832,Torhout,Geen foto beschikbaar
Q120333083,Pauline Rosalie Bruneel,Person,vrouwelijk,1820,Torhout,Geen foto beschikbaar
Q1978794,Johannes-Désiré Minnaert,Person,mannelijk,1847,Ursel,Geen foto beschikbaar
Q75320316,Martinus Coune,Person,mannelijk,1873,Veulen,Geen foto beschikbaar
Q122971559,Gustaf Vandendries,Person,mannelijk,1857,Veurne,Geen foto beschikbaar
Q7790140,Theodoor Luyssen,Person,mannelijk,1842,Veurne,Geen foto beschikbaar
Q120164850,Arthur Lewylle,Person,mannelijk,1860,Vlamertinge,Geen foto beschikbaar
Q115825992,Emile Dambre,Person,mannelijk,1839,Vlamertinge,Geen foto beschikbaar
Q115837593,Constant Hansen,Person,mannelijk,1833,Vlissingen,http://commons.wikimedia.org/wiki/Special:FilePath/Hansen%2C%20Constant%20Jacob%20%281833-1910%29%3B%20letterkundige%20en%20hoofdbibliothecaris%20stadsbibliotheek%20Antwerpen%2C%20Haeck%2C%20Leopold%2C%20Felixarchief%2C%2012%209296%20recto%20%28cropped%29.jpg
Q110039260,Isidoor Van Cleemput,Person,mannelijk,1851,Waasmunster,Geen foto beschikbaar
Q4423628,Pol de Mont,Person,mannelijk,1857,Wambeek,http://commons.wikimedia.org/wiki/Special:FilePath/Pol%20de%20Mont%201896.jpg
Q120489194,Julie Romanie Verbauwhede,Person,vrouwelijk,1853,Waregem,Geen foto beschikbaar
Q116508893,Julius Burrick,Person,mannelijk,1858,Waregem,Geen foto beschikbaar
Q115852702,Mary Isabel Lucy Dormer,Person,vrouwelijk,1842,Warwick,Geen foto beschikbaar
Q2266893,Jan Bols,Person,mannelijk,1842,Werchter,http://commons.wikimedia.org/wiki/Special:FilePath/Jan%20Bols%2C%20borststuk%20door%20E.%20Fabronius.tif
Q125472922,René van Honsebrouck,Person,mannelijk,1845,Werken,Geen foto beschikbaar
Q115818861,Arthur De Schrevel,Person,mannelijk,1850,Wervik,Geen foto beschikbaar
Q115820636,Edmond Amand Constant Lecompte,Person,mannelijk,1864,Wervik,Geen foto beschikbaar
Q5983066,Honoré Cardoen,Person,mannelijk,1871,Wervik,Geen foto beschikbaar
Q116510998,Marie-Sophie Deschryver,Person,vrouwelijk,1829,Wervik,Geen foto beschikbaar
Q110039178,Petrus Ludovicus Dessein,Person,mannelijk,1811,Wervik,Geen foto beschikbaar
Q116620833,Marcel Van Dromme,Person,mannelijk,1870,Westouter,Geen foto beschikbaar
Q120493880,Jan Broeckaert,Person,mannelijk,1837,Wetteren,Geen foto beschikbaar
Q120555811,Charles Louis Poublon,Person,mannelijk,1825,Wevelgem,Geen foto beschikbaar
Q117227189,Leonardus Nuttin,Person,mannelijk,1822,Wevelgem,Geen foto beschikbaar
Q120552708,Jozef Roggeman,Person,mannelijk,1857,Wichelen,Geen foto beschikbaar
Q1896762,Octavus D'Hooghe,Person,mannelijk,1857,Wichelen,Geen foto beschikbaar
Q119797432,Juliaan Claerhout,Person,mannelijk,1859,Wielsbeke,Geen foto beschikbaar
Q122971209,Frans Schollaert,Person,mannelijk,1851,Wilsele,http://commons.wikimedia.org/wiki/Special:FilePath/Frans%20Schollaert.jpg
Q119690392,Edmond Soenen,Person,mannelijk,1845,Wingene,Geen foto beschikbaar
Q2190493,Gustaaf Carton,Person,mannelijk,1832,Wingene,Geen foto beschikbaar
Q3431564,Hendrik Persyn,Person,mannelijk,1857,Wingene,Geen foto beschikbaar
Q120729903,Juliana Spriet,Person,vrouwelijk,1830,Wingene,Geen foto beschikbaar
Q129121545,Monica De Vriese,Person,vrouwelijk,1804,Wingene,http://commons.wikimedia.org/wiki/Special:FilePath/Bidprentje%20Monica%20De%20Vriese.jpg
Q115821479,Hilaris Allaeys,Person,mannelijk,1873,Woesten,Geen foto beschikbaar
Q115817263,Rafaël Verhulst,Person,mannelijk,1866,Wommelgem,http://commons.wikimedia.org/wiki/Special:FilePath/Raf%20Verhulst.jpg
Q2539969,Alfons Mervillie,Person,mannelijk,1856,Wontergem,Geen foto beschikbaar
Q2361397,Franciscus-Xaverius Mervillie,Person,mannelijk,1848,Wontergem,Geen foto beschikbaar
Q28973684,Henricus Blancke,Person,mannelijk,1840,Wontergem,Geen foto beschikbaar
Q115841074,Julie Lievrouw,Person,vrouwelijk,1839,Wontergem,Geen foto beschikbaar
Q115813555,Gerrit Jacob Boekenoogen,Person,mannelijk,1868,Wormerveer,http://commons.wikimedia.org/wiki/Special:FilePath/BoekenoogenGJ.jpg
Q122831483,Emile Henri Adolphe Descamps,Person,mannelijk,1855,Wormhout,Geen foto beschikbaar
Q122974373,Charles Van Cauwenberghe,Person,mannelijk,1841,Wortegem-Petegem,http://commons.wikimedia.org/wiki/Special:FilePath/Charles%20van%20Cauwenberghe.%20Photograph%20by%20J.C.%20Jaeger.%20Wellcome%20V0028110.jpg
Q115813641,Renaat Joye,Person,mannelijk,1862,Woumen,Geen foto beschikbaar
Q123050722,Mary Lucy Vavasour,Person,vrouwelijk,1852,Yorkshire,Geen foto beschikbaar
Q116621244,Maria Euphemia Verbanck,Person,vrouwelijk,1855,Zarren,Geen foto beschikbaar
Q784390,Octavie Van Gillewe,Person,vrouwelijk,1836,Zarren,Geen foto beschikbaar
Q970036,Amaat Vyncke,Person,mannelijk,1850,Zedelgem,http://commons.wikimedia.org/wiki/Special:FilePath/Amaat%20Vyncke.jpg
Q2490990,Augusta Maria Mathildis Vyncke,Person,vrouwelijk,1860,Zedelgem,Geen foto beschikbaar
Q7343011,René Frans Adriaens,Person,mannelijk,1855,Zedelgem,Geen foto beschikbaar
Q20604626,Isidoor Teirlinck,Person,mannelijk,1851,Zegelsem,Geen foto beschikbaar
Q111744944,Carolus Surmont,Person,mannelijk,1835,Zevekote,Geen foto beschikbaar
Q2779054,Leo Vandorpe,Person,mannelijk,1851,Zevekote,Geen foto beschikbaar
Q119621396,Alfons Siffer,Person,mannelijk,1850,Zomergem,http://commons.wikimedia.org/wiki/Special:FilePath/Alfons%20Siffer%201850-1941.jpg
Q45029767,Jacob Lenaerts,Person,mannelijk,1862,Zonhoven,Geen foto beschikbaar
Q2450554,Aloysius Vandemaele,Person,mannelijk,1834,Zwevegem,Geen foto beschikbaar
Q117265039,Maria Joanna Maes,Person,vrouwelijk,1798,Zwevegem,Geen foto beschikbaar