ID,Label,Category,Startyear,EndYear,rol van persoon
Q119454376,t Daghet in den Oosten,Person,1710,1710,medewerker
Q115818424,Achiel Piepers,Person,1889,1889,correspondent
Q119013873,Achiel Van de Putte,Person,1892,1892,correspondent
Q119217729,Achille Croquison,Person,1893,1893,correspondent
Q113754119,Adolf De Wolf,Person,1886,1898,correspondent
Q2524668,Adolf Duclos,Person,1710,1710,correspondent
Q43140929,Adolf Pauwels,Person,1884,1884,correspondent
Q100534520,Adolf Verriest,Person,1872,1872,correspondent
Q136793932,Adèle Serweytens,Person,1710,1710,bekende
Q116687284,Agnes Mary Christophers,Person,1857,1857,correspondent
Q118772822,Albert Aimé Marie Vandewalle,Person,1895,1895,correspondent
Q586323,Albert Verwey,Person,1710,1710,correspondent
Q2832059,Albéric Emmanuel Henri Marie Ghislain Ruzette,Person,1710,1710,correspondent
Q115811921,Alexandre Berghman,Person,1710,1710,bekende
Q56036018,Alexandre Bonvarlet,Person,1885,1891,correspondent
Q118142378,Alfons Bouckaert,Person,1895,1896,correspondent
Q110039191,Alfons Dassonville,Person,1896,1896,correspondent
Q2100582,Alfons De Cock,Person,1895,1897,correspondent
Q2638823,Alfons Janssens,Person,1888,1888,correspondent
Q56036059,Alfons Maria Napoleon Prayon-van Zuylen van Nyevelt,Person,1888,1888,correspondent
Q2539969,Alfons Siffer,Person,1710,1710,correspondent
Q119621396,Alfons Steinmetz,Person,1710,1710,vriend
Q2050293,Alfons Van Hee,Person,1876,1876,correspondent
Q26845752,Alfred Guichon de Grandpont,Person,1896,1896,correspondent
Q115979418,Aloysius Vandemaele,Person,1850,1890,correspondent
Q2580620,Aloïs Nelis,Person,1889,1889,correspondent
Q2298746,Aloïs Walgrave,Person,1927,1929,correspondent
Q2450554,Alphonse De Leyn,Person,1890,1895,correspondent
Q2099446,Amaat Joos,Person,1897,1897,correspondent
Q3421496,Amaat Vyncke,Person,1880,1883,correspondent
Q970036,Amand Neut,Person,1892,1892,correspondent
Q2481707,Amand de Vos,Person,1886,1889,correspondent
Q124619468,Amelia Vander Stichele,Person,1710,1710,correspondent
Q1280942,Amédée Visart de Bocarmé,Person,1886,1886,correspondent
Q119039774,Andries J. Winkler,Person,1898,1898,correspondent
Q13429634,Angelus August Eugeen Angillis,Person,1710,1710,klasgenoot
Q129255433,Ann Mary Eyre,Person,1710,1710,bekende
Q116656531,Anna Demets,Person,1710,1710,correspondent
Q116508558,Anne Hill,Person,1710,1710,correspondent
Q115830433,Antoine Wemaer,Person,1856,1874,correspondent
Q2360599,Antoon Jozef Witteryck,Person,1885,1885,correspondent
Q115979140,Arsenius Dehulster,Person,1883,1886,correspondent
Q3450211,Arthur De Schrevel,Person,1891,1896,correspondent
Q115818861,Arthur Lewylle,Person,1884,1885,correspondent
Q2215154,August Cuppens,Person,1883,1886,correspondent
Q115818168,August Hoflack,Person,1891,1897,correspondent
Q115839088,August Laporta,Person,1884,1886,correspondent
Q764378,August Vermeylen,Person,1896,1897,correspondent
Q125535110,August William McDonogh,Person,1856,1856,correspondent
Q2059291,Auguste Reyns,Person,1896,1896,correspondent
Q120999304,Augustijn Van Heuverswyn,Person,1889,1889,correspondent
Q115844105,Augustin Van Becelaere,Person,1897,1899,correspondent
Q115979130,Augustinus De Geetere,Person,1880,1880,correspondent
Q115824358,Benedictus Cuppens,Person,1889,1889,
Q115829623,Bruno De Splenter,Person,1862,1862,correspondent
Q115836783,Bruno Joseph Jean Vandale,Person,1859,1859,correspondent
Q115839360,Bruno Van Hove,Person,1710,1710,correspondent
Q115308515,Bruno Vander Stichele,Person,1883,1888,correspondent
Q2154331,Caesar Gezelle,Person,1891,1897,correspondent
Q115840234,Camiel Roelandts,Person,1863,1883,correspondent
Q117409336,Camille Lateur,Person,1894,1894,correspondent
Q117263671,Caroline Janssens,Person,1710,1710,bekende
Q136759863,Carolus Philippus Joannes Marie Josephus de Patin de Langemarck,Person,1710,1710,bekende
Q116621487,Catharine Macdaniel,Person,1862,1862,correspondent
Q116620739,Catherine de Kyvere,Person,1865,1865,correspondent
Q118189670,Cecilia Sarah De Lisle,Person,1868,1868,correspondent
Q2683882,Charles August Verschelde,Person,1880,1880,
Q1877721,Charles Carton,Person,1857,1858,correspondent
Q132321532,Charles De Zitter,Person,1710,1710,buur
Q2715338,Charles Delcour,Person,1710,1710,correspondent
Q136805616,Charles François Joseph Soudan,Person,1710,1710,bekende
Q125472556,Charles Grant Edmonstone,Person,1857,1859,correspondent
Q122974430,Charles Joseph Pagliano,Person,1857,1857,correspondent
Q3538623,Charles van Caloen,Person,1870,1870,correspondent
Q1149378,"Charlotte Fitzalan-Howard, Duchess of Norfolk",Person,1863,1863,correspondent
Q122974373,Clara Andrews,Person,1864,1864,correspondent
Q116510419,Colette Virginie Parvost,Person,1892,1892,correspondent
Q123425604,Comité des Dames Zélatrices de l'oeuvre des Missions du Pôle Nord,Person,1710,1710,geestelijk leidsman
Q123413231,Congrégation du Très Saint Nom de Marie,Person,1710,1710,geestelijk leidsman
Q2457997,Constant Hansen,Person,1886,1896,correspondent
Q115837342,Constantinus Roelandts,Person,1863,1863,correspondent
Q113466955,Cordelia Van de Wiele,Person,1903,1903,correspondent
Q98322098,Cyriel Delaere,Person,1899,1899,correspondent
Q118998471,Denis Auguste Julien Roger,Person,1879,1884,correspondent
Q115834834,Desideer Meersseman,Person,1710,1710,correspondent
Q118733026,Domenico Macry Correale,Person,1889,1897,correspondent
Q55911879,Désiré Claes,Person,1886,1886,correspondent
Q377071,Edgar Tinel,Person,1885,1710,correspondent
Q118120867,Edmond De Plancke,Person,1891,1892,correspondent
Q13575367,Edmond Denys,Person,1893,1899,correspondent
Q118792556,Edmund Benedict Hicks,Person,1863,1863,correspondent
Q2360914,Edward Gailliard,Person,1710,1710,correspondent
Q13575404,Edward Van Even,Person,1888,1888,correspondent
Q113925472,Edward Van Robays,Person,1889,1889,correspondent
Q119217748,Edward Vlietinck,Person,1887,1892,correspondent
Q116621171,Elisa Robinson,Person,1710,1710,correspondent
Q121078322,Elisabeth Josèphe Thérèse van den Broeck,Person,1880,1710,correspondent
Q116689485,Elisabeth Latham,Person,1899,1899,correspondent
Q13576607,Emiel Demonie,Person,1888,1888,correspondent
Q2183646,Emiel Lauwers,Person,1878,1884,correspondent
Q115811038,Emile Dambre,Person,1888,1888,correspondent
Q113486838,Emilie van Outryve d'Ydewalle,Person,1862,1862,correspondent
Q117226377,Emma Crombet,Person,1710,1710,correspondent
Q1334711,Emmanuel Hiel,Person,1889,1891,correspondent
Q125282135,Ernest Edouard Marie Eeman,Person,1710,1710,correspondent
Q3080591,Ernest Marie Joseph Martin Michel van Caloen,Person,1894,1710,correspondent
Q62080181,Ernest Rembry,Person,1898,1898,correspondent
Q132321595,Esther Defoor,Person,1710,1710,buur
Q132321245,Esther Martine Eugénie Clémence Marie Ghislaine De Zitter,Person,1710,1710,buur
Q42196616,Eugeen de Lepeleer,Person,1897,1897,correspondent
Q2546317,Eugeen van Oye,Person,1857,1898,correspondent
Q57197744,Eugeen-Karel Van Steenkiste,Person,1887,1887,correspondent
Q56036023,Eugène Cortyl,Person,1886,1895,correspondent
Q2770967,Felix Achille de Bethune,Person,1710,1710,bekende
Q115981938,Felix Degrendel,Person,1860,1864,correspondent
Q2684959,Ferdinand Van de Putte,Person,1872,1872,correspondent
Q2065109,Ferdinand Vanderhaeghen,Person,1887,1896,correspondent
Q116660566,Florence Gezelle,Person,1890,1890,correspondent
Q116509612,Francesca Christophers,Person,1710,1710,correspondent
Q115811922,Franciscus Benoot,Person,1710,1710,correspondent
Q122791372,Franciscus Leopoldus De Backere,Person,1710,1710,bekende
Q115982545,Franciscus-Xaverius Mervillie,Person,1882,1882,correspondent
Q2361397,Frans De Cort,Person,1862,1899,correspondent
Q15461013,Frans De Potter,Person,1874,1710,correspondent
Q15956,Frans Schollaert,Person,1897,1898,correspondent
Q1894475,François Van den Abeele,Person,1892,1892,correspondent
Q122754021,Félicie Marie Heldenbergh,Person,1882,1882,correspondent
Q119796023,Georges Vincent Eugène Louis Beyaert,Person,1882,1882,correspondent
Q118725738,Georges William Gadd,Person,1710,1710,correspondent
Q118189985,Georgina Coxon,Person,1710,1710,correspondent
Q2606766,Gerard van Caloen,Person,1872,1872,correspondent
Q2319173,Gerrit Jacob Boekenoogen,Person,1890,1898,correspondent
Q116460145,Gerrit Pieter Roos,Person,1881,1881,correspondent
Q336977,Guido Gezelle,Person,1877,1891,correspondent
Q115844439,Gustaaf Carton,Person,1893,1893,correspondent
Q115813555,Gustaaf Janssens,Person,1889,1889,correspondent
Q2190493,Gustaaf Verriest,Person,1902,1902,correspondent
Q115837646,Gustaf François Marie Van Mullem,Person,1887,1887,correspondent
Q115818541,Gustave Delescluze,Person,1870,1870,correspondent
Q2496044,Gustave Henri Flamen,Person,1887,1887,correspondent
Q2191260,Gustave Waffelaert,Person,1900,1900,correspondent
Q122971559,Gustavus Henricus Jochem,Person,1898,1898,correspondent
Q116508871,Helena Amelia Walton,Person,1880,1897,correspondent
Q119794240,Hendrik Berghman,Person,1710,1710,bekende
Q136760074,Hendrik Depoorter,Person,1882,1892,correspondent
Q113627806,Hendrik Karel Van Doorne,Person,1912,1912,correspondent
Q571426,Hendrik Kern,Person,1897,1897,correspondent
Q114081509,Hendrik Persyn,Person,1886,1891,correspondent
Q11029222,Hendrik Pickery,Person,1891,1891,correspondent
Q94896539,Hendrik Q. Janssen,Person,1862,1862,correspondent
Q3431564,Hendrik Sermon,Person,1891,1891,correspondent
Q3032807,Henri Rommel,Person,1887,1887,correspondent
Q115979994,Henricus De Badts,Person,1867,1867,correspondent
Q1978131,Hilaris Allaeys,Person,1892,1898,correspondent
Q28973684,Hippoliet Haerynck,Person,1886,1889,correspondent
Q115821479,Honoré Cardoen,Person,1897,1897,correspondent
Q96776537,Hubert Bogaerts,Person,1710,1710,
Q981444,Hugo Verriest,Person,1903,1903,correspondent
Q117264774,Hélène Janssens,Person,1899,1899,correspondent
Q55672664,Ignace de Coussemaker,Person,1884,1888,correspondent
Q115818849,Isidoor Hemeryck,Person,1890,1890,correspondent
Q115982548,Isidorus Fraeys,Person,1861,1879,correspondent
Q20604626,J.H.J. van Wageningen thoe Dekema,Person,1710,1710,vriend
Q115839946,Jacobus Vanden Berghe,Person,1710,1710,petekind
Q45029767,Jakob Muyldermans,Person,1887,1887,correspondent
Q2424814,Jan Baptist David,Person,1855,1855,correspondent
Q42853596,Jan Baptist Vervliet,Person,1887,1894,correspondent
Q1920135,Jan Bols,Person,1881,1898,correspondent
Q37766220,Jan Broeckaert,Person,1886,1710,correspondent
Q110039159,Jan Craeynest,Person,1890,1890,correspondent
Q329468,Jan Nolet de Brauwere van Steeland,Person,1886,1886,correspondent
Q23895006,Jan Willem Brouwers,Person,1862,1889,correspondent
Q354052,Jean-Baptiste Bethune,Person,1871,1886,correspondent
Q3164253,Jean-Baptiste Malou,Person,1859,1859,correspondent
Q2672741,Jean-Baptiste de Bethune jr.,Person,1901,1903,correspondent
Q2181847,Jeroom Noterdaeme,Person,1892,1892,correspondent
Q115838569,Jerôme Vervaeke,Person,1880,1880,correspondent
Q118495679,Joannes Alberdingk,Person,1858,1858,correspondent
Q123689724,Joannes De Neve,Person,1862,1862,correspondent
Q3166510,Johan Joseph Faict,Person,1710,1710,correspondent
Q2491266,Johan Winkler,Person,1905,1905,correspondent
Q119007176,John Joseph Peter Ross,Person,1860,1860,correspondent
Q1978794,Joseph Alberdingk Thijm,Person,1874,1874,correspondent
Q126648476,Joseph Antonius Maria Ghislenus Anastasius Johannes Nepomucenus de Pélichy,Person,1710,1710,bekende
Q115820195,Joseph Axters,Person,1710,1710,correspondent
Q119701807,Joseph Cox Algar,Person,1710,1710,correspondent
Q115806424,Joseph Devos,Person,1885,1710,correspondent
Q115831509,Joseph Gezelle,Person,1900,1900,correspondent
Q61506427,Joseph Herreboudt,Person,1860,1860,correspondent
Q119041487,Joseph Louis Van Heede,Person,1710,1710,vriend
Q1707941,Joseph Ryelandt,Person,1894,1895,correspondent
Q115811334,Joseph Samyn,Person,1710,1710,correspondent
Q119013626,Joseph Van Damme,Person,1887,1887,correspondent
Q120552708,Jules De Meester,Person,1885,1885,correspondent
Q136849457,Jules François Vermaut,Person,1710,1710,klant
Q17428533,Jules Lammens,Person,1886,1886,correspondent
Q115832532,Jules Perquy,Person,1887,1887,correspondent
Q721772,Jules Vandenpeereboom,Person,1897,1897,correspondent
Q115846413,Julia Van Renterghem,Person,1710,1710,bekende
Q101627274,Juliaan Claerhout,Person,1882,1710,correspondent
Q115821474,Juliaan Fové,Person,1883,1893,correspondent
Q116620937,Julienne Elise Van De Wiele,Person,1860,1860,correspondent
Q55420570,Julius Leroy,Person,1893,1893,correspondent
Q55232762,Julius Obrie,Person,1888,1898,correspondent
Q2617184,Karel De Flou,Person,1903,1903,correspondent
Q115831295,Karel Foulon,Person,1886,1886,correspondent
Q970833,Karel Frans Stallaert,Person,1887,1888,correspondent
Q41885755,Karel Heynderickx,Person,1898,1898,correspondent
Q115819088,Karel Legein,Person,1861,1861,correspondent
Q111336261,Karel Van De Vyvere,Person,1899,1899,correspondent
Q2542423,Karel de Gheldere,Person,1859,1859,correspondent
Q118289639,Katharine Woodlock,Person,1710,1710,correspondent
Q1867263,Klein Seminarie Roeselare,Person,1846,1869,rector
Q1268453,Koninklijke Academie voor Nederlandse Taal en Letteren,Person,1710,1710,voorzitter
Q119224999,Laura Perkins,Person,1868,1871,correspondent
Q118555164,Leo Lodewijk Hubert Simons,Person,1895,1895,correspondent
Q115818781,Leon Verwilghen,Person,1710,1710,correspondent
Q2779054,Leonard Lodewijk De Bo,Person,1878,1878,correspondent
Q118998340,Leopold Pycke,Person,1710,1710,correspondent
Q2619202,Leopold Slosse,Person,1866,1897,correspondent
Q114945031,Livinus Bruneel,Person,1863,1863,correspondent
Q28973666,Lodewijk Roersch,Person,1887,1888,correspondent
Q13769746,Lodewijk Scharpé,Person,1893,1893,correspondent
Q2426280,Lodewijk Van Haecke,Person,1860,1870,correspondent
Q56036067,Lodewijk Willem Schuermans,Person,1866,1887,correspondent
Q104643440,Loquela,Person,1897,1897,correspondent
Q86735347,Louis David Petit,Person,1895,1895,correspondent
Q118120903,Louis De Plancke,Person,1891,1896,correspondent
Q136814999,Louis François Van den Bilcke,Person,1710,1710,klant
Q2134167,Louis Gilliodts,Person,1899,1899,correspondent
Q115818009,Louis Goormachtigh,Person,1885,1885,correspondent
Q136814371,Louis Jean Van den Bilcke,Person,1710,1710,bekende
Q119003821,Louis Judocus Rooms,Person,1891,1897,correspondent
Q128904091,Louise Adèle Pauline Van Brabant,Person,1889,1889,correspondent
Q20902162,Louise Gezelle,Person,1894,1898,correspondent
Q117246781,Louise Sidonie Vervaet,Person,1889,1889,correspondent
Q120855780,Lucy Weguelin,Person,1873,1873,correspondent
Q1851297,Léon van Ockerhout,Person,1710,1710,vriend
Q117227189,Léonie Pauline Marie Bersou,Person,1895,1895,correspondent
Q116621811,Marguerite Marie Josephine Sonck,Person,1710,1710,correspondent
Q117265039,Maria Ludovica Charlotta Lauwers,Person,1879,1879,correspondent
Q129159907,Marie Louise Philomène Devrome,Person,1710,1710,biechtvader
Q128053464,Marie Thérèse Courtens,Person,1710,1710,bekende
Q116509131,Marie-Sophie Deschryver,Person,1894,1894,correspondent
Q132321506,Martine De Zitter,Person,1710,1710,buur
Q119217815,Martinus Coune,Person,1897,1897,correspondent
Q116510958,Mary Ann F. Andrewes,Person,1871,1871,correspondent
Q116510998,Mary Anne Macdaniel,Person,1865,1865,correspondent
Q75279907,Mary Isabel Lucy Dormer,Person,1899,1899,correspondent
Q122842204,Mary Louisa Farbrother,Person,1710,1710,correspondent
Q116621328,Mary Lucy Vavasour,Person,1872,1872,correspondent
Q116621552,Mathilde Catteeuw,Person,1886,1888,correspondent
Q121053317,Maurice Vander Haeghen,Person,1888,1897,correspondent
Q2413334,Max Rooses,Person,1883,1710,correspondent
Q125559455,Medardus Van De Poele,Person,1899,1899,correspondent
Q118612085,Michael Buckley,Person,1858,1858,correspondent
Q15982597,Monica De Vriese,Person,1861,1862,correspondent
Q18655152,Napoleon de Pauw,Person,1894,1894,correspondent
Q672816,Nicholas Wiseman,Person,1862,1862,correspondent
Q116621407,Octavie Petyt,Person,1893,1899,correspondent
Q129121545,Oda Verriest,Person,1855,1855,correspondent
Q119472087,Onze Dageraad,Person,1710,1710,medewerker
Q784390,Paul Alberdingk Thijm,Person,1862,1886,correspondent
Q1896762,Paul Kiroul,Person,1896,1898,correspondent
Q56036064,Peter Jozef Scherpenseel,Person,1888,1888,correspondent
Q117244643,Philomena De Smet,Person,1871,1871,correspondent
Q118732528,Pierre Laigneil,Person,1860,1861,correspondent
Q28584401,Pierre Nicolas Croquison,Person,1880,1880,correspondent
Q110039178,Pieter Baes,Person,1887,1887,correspondent
Q118136722,Pieter Benoit,Person,1710,1710,correspondent
Q2182306,Pieter Boutens,Person,1710,1710,vriend
Q2182589,Pieter Busschaert,Person,1710,1710,correspondent
Q14101076,Pieter Génard,Person,1886,1886,correspondent
Q15982596,Pieter Jan Gezelle,Person,1849,1863,correspondent
Q115836217,Pieter Plets,Person,1861,1861,correspondent
Q22002048,Pieter Raoux,Person,1881,1710,correspondent
Q6242432,Pieter Willems,Person,1879,1891,correspondent
Q42306892,Pieter van den Broeck,Person,1892,1898,correspondent
Q110039180,Placidus Haghebaert,Person,1879,1899,correspondent
Q3515115,Pol de Mont,Person,1920,1920,correspondent
Q110039361,Polydoor Dionysius Daniëls,Person,1885,1885,correspondent
Q2754460,Prosper Antoine Van Langendonck,Person,1710,1710,correspondent
Q122801933,Rafaël Debo,Person,1883,1899,correspondent
Q113436988,Reinaert de Vos,Person,1710,1710,auteur
Q119699762,René Frans Adriaens,Person,1876,1876,correspondent
Q64302,Richard Andree,Person,1891,1891,correspondent
Q117244395,Romaan Gislijn Gezelle,Person,1870,1870,correspondent
Q126687489,Romain Joseph Lagae,Person,1710,1710,patiënt
Q119006339,Samuel Roper,Person,1710,1710,correspondent
Q116508674,Savina L.J. van Caloen-de Gourcy,Person,1891,1892,correspondent
Q14331462,Seraphijn Dequidt,Person,1893,1893,correspondent
Q56036025,Servaas Domien Daems,Person,1886,1886,correspondent
Q116522102,Sidonie Mahieu,Person,1891,1891,correspondent
Q2663876,Sint-Lodewijkscollege,Person,1845,1851,leerkracht
Q116620790,Sophia Elizabeth Peeters,Person,1897,1897,correspondent
Q175669,Stijn Streuvels,Person,1903,1903,correspondent
Q116621828,Stéphanie Hendryckx,Person,1873,1873,correspondent
Q56036026,Taco Hajo de Beer,Person,1882,1887,correspondent
Q116620970,Teresa Hercy,Person,1862,1862,correspondent
Q2393557,Theodoor Sevens,Person,1886,1886,
Q719358,Theophiel Coopman,Person,1887,1893,correspondent
Q7790140,Thomas Grant,Person,1857,1864,correspondent
Q120248482,Thomas Harrison Sale,Person,1857,1857,correspondent
Q126913566,Valeer Alfons Vansteenhuyse,Person,1710,1710,bekende
Q3557112,Victor Alexis dela Montagne,Person,1710,1710,correspondent
Q115818151,Victor Beheyt,Person,1887,1887,correspondent
Q80079104,Victor Huys,Person,1856,1856,correspondent
Q115817390,Victor Lanssen,Person,1710,1710,biechtvader
Q118151362,Victor Leonardus Franciscus Goethals,Person,1892,1895,correspondent
Q113681935,Victor Van Coillie,Person,1861,1862,correspondent
Q129256307,Vincent William Eyre,Person,1710,1710,bekende
Q29019503,Willem De Vreese,Person,1891,1898,correspondent
Q118644563,William Crombleholme,Person,1854,1866,correspondent
Q129256364,William Henry Eyre,Person,1710,1710,bekende
Q2062803,William Henry James Weale,Person,1892,1892,correspondent
Q120471627,William Thompson,Person,1861,1861,correspondent
Q118766019,William Woodlock,Person,1879,1879,correspondent
Q118547498,Zuidnederlandsche Maatschappij van Taalkunde,Person,1899,1899,correspondent
Q116620896,Zulma De Bo,Person,1878,1878,correspondent
Q60481099,graf van Guido Gezelle,Person,1710,1710,
Q120729190,Camiel-Hector Marichal,Person,1710,1710,correspondent
Q120900509,Emile Florimond Herman Van Biervliet,Person,1710,1710,correspondent
Q120733873,Johannes-Désiré Minnaert,Person,1710,1710,correspondent
Q115815004,Hendrik Mortier,Person,1710,1710,correspondent
Q4722117,Adolf Lootens,Person,1710,1710,correspondent
Q2677198,Jules Lagae,Person,1710,1710,correspondent
Q115806479,Jules Joye,Person,1710,1710,correspondent
Q115814290,Aimé Erneste Marie Dierick,Person,1710,1710,correspondent
Q125544971,Vitalis Jerome Joannes Trogh,Person,1710,1710,
Q115835763,Gustaaf Van de Putte,Person,1710,1710,correspondent
Q115980136,Joannes Catulle,Person,1710,1710,correspondent
Q2129415,Albéric Goethals,Person,1710,1710,correspondent
Q123600982,Cathérine Joséphine Mesnage,Person,1710,1710,correspondent
Q120920666,P. F. Van De Meulebroucke,Person,1710,1710,correspondent
Q116621363,Mary Margaret Weale,Person,1710,1710,correspondent
Q120999228,Jozef Van Heffen,Person,1710,1710,correspondent
Q120550899,Eduard De Jonghe,Person,1710,1710,correspondent
Q125538145,Patrick Joseph Ryan,Person,1710,1710,correspondent
Q119040262,Leon Auguste Joseph Marie Verhoef,Person,1710,1710,correspondent
Q115820635,Alfred Neut,Person,1710,1710,correspondent
Q5006521,Charles Hodgson Fowler,Person,1710,1710,correspondent
Q115823191,Vincent Lefere,Person,1710,1710,correspondent
Q115826830,Benedictus Goeman,Person,1710,1710,correspondent
Q122779793,Delphine Frederica Marie Blancke,Person,1710,1710,correspondent
Q131957313,Leonie Sophie Marie De Ketelaere,Person,1710,1710,correspondent
Q117244772,Marie Antoinette Descamps,Person,1710,1710,correspondent
Q2203619,Camille Looten,Person,1710,1710,correspondent
Q975292,Jan Van Beers,Person,1710,1710,correspondent
Q125306156,Adelaida Antonia Vuylsteke,Person,1710,1710,correspondent
Q122963909,Eduardus Edmondus Van Wtberghe,Person,1710,1710,correspondent
Q125257816,Jeannette Marie Rosseeuw,Person,1710,1710,correspondent
Q122963358,Edouard Amand Justin Marie Neut,Person,1710,1710,correspondent
Q115815852,Emiel De Brabandere,Person,1710,1710,correspondent
Q122987963,Paul Van Dorpe,Person,1710,1710,correspondent
Q125352256,Ernestine Francisca Marie Van Langermeersch,Person,1710,1710,correspondent
Q3531475,Johan De Stoop,Person,1710,1710,correspondent
Q115842281,Angelus Dumelie,Person,1710,1710,correspondent
Q122791049,Emfrentiana De Backere,Person,1710,1710,correspondent
Q2163210,Jean van Ruymbeke,Person,1710,1710,correspondent
Q42596,Frédéric Mistral,Person,1710,1710,correspondent
Q122971101,Charles Louis Poublon,Person,1710,1710,correspondent
Q961180,Jacob Verdam,Person,1710,1710,correspondent
Q122971209,George Parker,Person,1710,1710,correspondent
Q115834868,Henri Louis Joseph Messiaen,Person,1710,1710,correspondent
Q125357784,Mary Catherine Cole,Person,1710,1710,correspondent
Q125360612,Heloise Geneviève Gruselle,Person,1710,1710,correspondent
Q115835156,Leonardus Lootens,Person,1710,1710,correspondent
Q122872984,Gustaaf Verheust-Dekeyser,Person,1710,1710,correspondent
Q116687356,Leonie Manceau,Person,1710,1710,correspondent
Q122753360,Marie-Antoinette Pollenus,Person,1710,1710,correspondent
Q18093100,Willem Lodewijk van Helten,Person,1710,1710,correspondent
Q115833316,Aloysius Farasyn,Person,1710,1710,correspondent
Q115839443,Constantinus Van Zieleghem,Person,1710,1710,correspondent
Q123615494,Victor Vercruysse,Person,1710,1710,correspondent
Q76019711,Jonathan Henry Woodward,Person,1710,1710,correspondent
Q110039260,Jacob Lenaerts,Person,1710,1710,correspondent
Q116687401,Thérèse Hubertine Abels,Person,1710,1710,correspondent
Q111744944,Casper Lambertus van Langenhuijsen,Person,1710,1710,correspondent
Q115831919,Octavus D'Hooghe,Person,1710,1710,correspondent
Q125559890,Henri Van De Wattyne,Person,1710,1710,correspondent
Q120488044,Prosper Bernard,Person,1710,1710,correspondent
Q120829902,Jules Roose,Person,1710,1710,correspondent
Q11071766,Alphonse de Voss,Person,1710,1710,correspondent
Q2159132,Pieter Lansens,Person,1710,1710,correspondent
Q21549953,Johannes Franck,Person,1710,1710,correspondent
Q115813025,Auguste de Laage de Bellefaye,Person,1710,1710,correspondent
Q115814591,Evarist De Boeck,Person,1710,1710,correspondent
Q116508494,Jemima Stroud,Person,1710,1710,correspondent
Q3185717,Joseph Van den Gheyn,Person,1710,1710,correspondent
Q125218585,Helena Meurisse,Person,1710,1710,petekind
Q115817919,Charles Louis Goemaere,Person,1710,1710,correspondent
Q136805839,Jan Ferdinand Tuerlinckx,Person,1710,1710,correspondent
Q136703696,Petrus Alfons Beelaert,Person,1710,1710,correspondent
Q136734381,Roland Joseph De Meester,Person,1710,1710,correspondent
Q115982585,Carolus Ludovicus Brondel,Person,1710,1710,correspondent
Q136735429,François Joseph Brondel,Person,1710,1710,correspondent
Q115979812,August Busschaert,Person,1710,1710,correspondent
Q115831995,Franciscus-Xaverius Ciamberlani,Person,1710,1710,correspondent
Q115812384,Bernardus Josephus Colier,Person,1710,1710,correspondent
Q136747037,Victor Julien Coornaert,Person,1710,1710,correspondent
Q115811027,Carolus Ludovicus Crupelant,Person,1710,1710,correspondent
Q115813874,Jules François De Lorge,Person,1710,1710,correspondent
Q136750770,Amandus Cornelius Dequidt,Person,1710,1710,correspondent
Q125246358,Henricus De Vriese,Person,1710,1710,correspondent
Q136759797,Charles Adolphe De Waele,Person,1710,1710,correspondent
Q136759995,Edmond Désiré Deckmyn,Person,1710,1710,correspondent
Q136762833,Edmond Antoine Marie Gilleman,Person,1710,1710,correspondent
Q115809938,Josephus Charle,Person,1710,1710,correspondent
Q18415039,Philippe Van der Haeghen,Person,1710,1710,correspondent
Q125535061,William Leadbitter,Person,1710,1710,correspondent
Q120721942,Edouard Lietaer,Person,1710,1710,correspondent
Q117244596,Hortense Gezelle,Person,1710,1710,correspondent
Q122853878,Catherine Simpson Mackenzie,Person,1710,1710,correspondent
Q119637011,Louis Wallays,Person,1710,1710,correspondent
Q123417058,Adela Pauline Courtens,Person,1710,1710,correspondent
Q123050592,Ruth Rose Drew,Person,1710,1710,correspondent
Q125342034,Maria Helena Pieters,Person,1710,1710,correspondent
Q125351404,Louisa Maria Anna Verdbois,Person,1710,1710,correspondent
Q3067739,Joaquim Rubió i Ors,Person,1710,1710,correspondent
Q115835605,Emiel Minne,Person,1710,1710,correspondent
Q123399726,Marie Sophie Joséphine Delva,Person,1710,1710,correspondent
Q2345694,Edward De Gryse,Person,1710,1710,correspondent
Q18533827,Edmond Van der Straeten,Person,1710,1710,correspondent
Q120729903,Julien Maurus,Person,1710,1710,correspondent
Q121078208,Louis Vercruysse,Person,1710,1710,correspondent
Q120472271,Lawrence Toole,Person,1710,1710,correspondent
Q125274323,Valentine Josephine Marie Terrière,Person,1710,1710,correspondent
Q123050974,Katherine Wharton,Person,1710,1710,correspondent
Q119860278,Hendrik Claes,Person,1710,1710,correspondent
Q121078001,Frans Verbeke,Person,1710,1710,correspondent
Q110039219,Edward Verschelde,Person,1710,1710,correspondent
Q123055332,Jozef Bahri,Person,1710,1710,correspondent
Q115838420,Carolus Van den Broucke,Person,1710,1710,correspondent
Q115834468,Achilles Bohyn,Person,1710,1710,correspondent
Q115104760,Clementia Hiers,Person,1710,1710,correspondent
Q131928167,Marie Flore Joseph Goemaere,Person,1710,1710,correspondent
Q119690392,Edmond Wallays,Person,1710,1710,correspondent
Q1796639,Rafaël Verhulst,Person,1710,1710,correspondent
Q2087117,René Vermandere,Person,1710,1710,correspondent
Q121000890,Theofiel Van Heuverswyn,Person,1710,1710,correspondent
Q51168899,Victor Lambrecht,Person,1710,1710,correspondent
Q120377148,Hendrik Dobbelaere,Person,1710,1710,correspondent
Q123742237,Odilon Van Den Berghe,Person,1710,1710,correspondent
Q120644522,Emile Henri Adolphe Descamps,Person,1710,1710,correspondent
Q120504176,François De Brouwer,Person,1710,1710,correspondent
Q37793252,Marcel Provence,Person,1710,1710,correspondent
Q125516501,Leopold Josephus Marie Nobels,Person,1710,1710,correspondent
Q115835531,Augustinus Ghequiere,Person,1710,1710,correspondent
Q115809464,Theodoor Luyssen,Person,1710,1710,correspondent
Q115836065,Edezius Goormachtigh,Person,1710,1710,correspondent
Q378133,Hendrik Conscience,Person,1710,1710,correspondent
Q3163681,Jean-Aloys Van Steenkiste,Person,1710,1710,correspondent
Q4902927,Edmond Van Hee,Person,1710,1710,correspondent
Q136793801,Alphonse Marie Joseph Ghislain Antoine Maus,Person,1710,1710,bekende
Q1980194,Paul Allossery,Person,1710,1710,conservator
Q115820945,Edmond Houtave,Person,1710,1710,correspondent
Q115816445,Constantin Lagae,Person,1710,1710,correspondent
Q125365471,Mathilde Jeanne Marie de Robiano,Person,1710,1710,correspondent
Q115836535,Jozef Van Damme,Person,1710,1710,correspondent
Q123697088,Edward William Fulker,Person,1710,1710,correspondent
Q123414712,Maria Juliana Lucia Delbaere,Person,1710,1710,correspondent
Q55233295,Charles Van Cauwenberghe,Person,1710,1710,correspondent
Q122854006,Jeanne Marie Emilie Colette Ghislaine de Bethune,Person,1710,1710,correspondent
Q122790642,Maria Joanna Maes,Person,1710,1710,correspondent
Q15627098,Albany James Christie,Person,1710,1710,correspondent
Q122915335,Emiel Van Den Berghe,Person,1710,1710,correspondent
Q115813641,Rijkaart Carette,Person,1710,1710,correspondent
Q115818649,Jozef Roggeman,Person,1710,1710,correspondent
Q123554207,Marie Colette Joséphine Caïmo,Person,1710,1710,correspondent
Q120629807,Vital De Vos,Person,1710,1710,correspondent
Q115979029,Casimir Affenaer,Person,1710,1710,correspondent
Q123051567,Agnes Cecilia Young,Person,1710,1710,correspondent
Q115819139,Petrus De Smedt,Person,1710,1710,correspondent
Q128034737,Maria Euphemia Verbanck,Person,1710,1710,correspondent
Q122780659,Mary Elizabeth Johnson,Person,1710,1710,correspondent
Q119625085,August Selosse,Person,1710,1710,correspondent
Q115979952,Edward Declercq,Person,1710,1710,correspondent
Q120514200,Élie Henri Marie Félix de Coussemaker,Person,1710,1710,correspondent
Q115823355,Augustus Rodts,Person,1710,1710,correspondent
Q123050504,Leonida Euphrasia Demonie,Person,1710,1710,correspondent
Q119797432,Julianus Maria Isidorus Blancke,Person,1710,1710,correspondent
Q125353522,Julie Romanie Verbauwhede,Person,1710,1710,correspondent
Q119794988,Louis Beyaert-Defoort,Person,1710,1710,correspondent
Q121002664,Joseph Karel Lodewijk Van Impe,Person,1710,1710,correspondent
Q116621699,Maria Magdalena Gezelle,Person,1710,1710,correspondent
Q123050722,Mathilde Sophie Theresia Renodeyn,Person,1710,1710,correspondent
Q56174577,Charles Alban Buckler,Person,1710,1710,correspondent
Q115827506,Isidoor Van Cleemput,Person,1710,1710,correspondent
Q115840173,Hendrik Van Witberghe,Person,1710,1710,correspondent
Q115979996,Karel De Backer,Person,1710,1710,correspondent
Q3171149,Jean Casier,Person,1710,1710,correspondent
Q115838563,Felix Verstraete,Person,1710,1710,correspondent
Q126113249,Domenico Pisani,Person,1710,1710,correspondent
Q122831276,Amélie Frère,Person,1710,1710,correspondent
Q64727835,Macarios Haddad,Person,1710,1710,correspondent
Q122884053,Bernard Joseph Weale,Person,1710,1710,correspondent
Q125359350,Julie Lievrouw,Person,1710,1710,correspondent
Q120639934,August Delbaere,Person,1710,1710,correspondent
Q120491424,John Crawley,Person,1710,1710,correspondent
Q117229438,Elodie De Beer,Person,1710,1710,correspondent
Q62117109,Antoon Verwaetermeulen,Person,1710,1710,correspondent
Q115834873,Joannes Spillemaeckers,Person,1710,1710,correspondent
Q116688354,Margareta Laura Augusta Lassence,Person,1710,1710,correspondent
Q115829742,Bernardus Nachtergaele,Person,1710,1710,biechtvader
Q115979543,Cyriel Vanden Berghe,Person,1710,1710,correspondent
Q119627464,Louis Lorthioir,Person,1710,1710,correspondent
Q131928133,Pelagie Vuylsteke,Person,1710,1710,correspondent
Q116672748,Marie Elise Amandine Lateur,Person,1710,1710,correspondent
Q119729450,Alfons Algoet,Person,1710,1710,correspondent
Q120920568,Victor Van De Kerckhove,Person,1710,1710,correspondent
Q115807960,Remigius De Ryckere,Person,1710,1710,correspondent
Q123414143,Eugenie Marie Delbaere,Person,1710,1710,correspondent
Q119011751,Jan van Damme,Person,1710,1710,correspondent
Q115836854,Leo Vandorpe,Person,1710,1710,correspondent
Q125541827,Heinrich Hubert Schmitz,Person,1710,1710,correspondent
Q113731929,Jean Scherpereel,Person,1710,1710,correspondent
Q125490771,Alexandre Marie Ghislain Gillès de Pélichy,Person,1710,1710,correspondent
Q123422368,Catherine O'Farrell,Person,1710,1710,correspondent
Q122842009,Grace Sherrington,Person,1710,1710,correspondent
Q115982426,Honoratus Van Wezemael,Person,1710,1710,correspondent
Q125819387,Louis Vander Heyde,Person,1710,1710,correspondent
Q115844668,Leonardus Vandemaele,Person,1710,1710,correspondent
Q122964092,Franciscus Augustus Van Wtberghe,Person,1710,1710,correspondent
Q4865289,Bartholomew Woodlock,Person,1710,1710,correspondent
Q122775600,Caroline Harriet Locke,Person,1710,1710,correspondent
Q122872579,Jules Alphonse Marie Ghislain Verest,Person,1710,1710,correspondent
Q120973922,Petrus Josephus Maria Van Doorne,Person,1710,1710,correspondent
Q3346571,Henri Nolf,Person,1710,1710,correspondent
Q1286149,Frederick William Faber,Person,1710,1710,correspondent
Q115836962,Edmond Soenen,Person,1710,1710,correspondent
Q115839380,Carolus Surmont,Person,1710,1710,correspondent
Q115837593,Constantin Thoma,Person,1710,1710,correspondent
Q120727152,Jan Hendrik Loosveldt,Person,1710,1710,correspondent
Q120651810,René-François Flahault,Person,1710,1710,correspondent
Q115840228,Hendrik Prévost,Person,1710,1710,correspondent
Q116621244,Maria Josepha Augusta Van Doorne,Person,1710,1710,correspondent
Q55770641,Jozef Gezelle,Person,1710,1710,correspondent
Q117229566,Maria Philomena D'Hondt,Person,1710,1710,correspondent
Q117246862,Augusta Maria Mathildis Vyncke,Person,1710,1710,correspondent
Q115825488,Augustin Frutsaert,Person,1710,1710,correspondent
Q115808465,Emile Vandale,Person,1710,1710,correspondent
Q125472922,Robert John Stanislaw Edmonstone,Person,1710,1710,correspondent
Q822307,Bernard Bernard,Person,1710,1710,correspondent
Q113675636,Robrecht Willaert,Person,1710,1710,correspondent
Q115820636,Edmond Neut,Person,1710,1710,correspondent
Q125394996,Virginie Nyffels,Person,1710,1710,correspondent
Q129069726,Isabelle Marie de Proli,Person,1710,1710,correspondent
Q120973166,Alfons Van Doorne,Person,1710,1710,correspondent
Q116679969,Emiel De Visschere,Person,1710,1710,correspondent
Q110039252,Henri Delbar,Person,1710,1710,correspondent
Q115982485,Franciscus Boudeweel,Person,1710,1710,correspondent
Q122818902,Bertha Wachowsky,Person,1710,1710,correspondent
Q123722465,Renaat Joye,Person,1710,1710,correspondent
Q116621725,Maria Constantia Gezelle,Person,1710,1710,correspondent
Q122842403,Augusta Lewis Bampfield,Person,1710,1710,correspondent
Q1950196,Karel Callebert,Person,1710,1710,correspondent
Q115841074,Julius Bouten,Person,1710,1710,correspondent
Q125257906,Pierre Joseph Deraedt,Person,1710,1710,correspondent
Q115817263,René van Honsebrouck,Person,1710,1710,correspondent
Q117246934,Mary Ann Walton,Person,1710,1710,correspondent
Q120199426,Henry Edwin Harford,Person,1710,1710,correspondent
Q116510658,Emily Rosine Lathy,Person,1710,1710,correspondent
Q123741345,Julius Pieter Lodewijk Vantomme,Person,1710,1710,correspondent
Q115839353,Eduard Verraes,Person,1710,1710,correspondent
Q119039938,Francis Lawrence Weale,Person,1710,1710,correspondent
Q120442396,Edouard François Huys,Person,1710,1710,correspondent
Q125361599,Marion Violet Thomas,Person,1710,1710,correspondent
Q122884757,Cyril James Weale,Person,1710,1710,correspondent
Q115819047,Constant Van Coillie,Person,1710,1710,correspondent
Q123717111,Henri Dufour,Person,1710,1710,correspondent
Q115840920,Augustus Declerc,Person,1710,1710,correspondent
Q122801530,Pauline Rosalie Bruneel,Person,1710,1710,correspondent
Q117244211,Dymphna Gezelle,Person,1710,1710,correspondent
Q123413906,Séraphine Cathérine De Wulf,Person,1710,1710,correspondent
Q119013806,Aloïs Van de Pitte,Person,1710,1710,correspondent
Q116620833,Maria De Bo,Person,1710,1710,correspondent
Q118732552,Hortense Delbaere,Person,1710,1710,correspondent
Q120191174,Felix De Nolf,Person,1710,1710,correspondent
Q120897770,Armand Valcke,Person,1710,1710,correspondent
Q7343011,Robert Coffin,Person,1710,1710,correspondent
Q4423628,Remi Ghesquiere,Person,1710,1710,correspondent
Q2675588,Alfons Mervillie,Person,1710,1710,correspondent
Q123689972,Camillus Delaere,Person,1710,1710,correspondent
Q129072389,Marie Mélanie Jeanne Vanackere,Person,1710,1710,correspondent
Q115837633,Louis Vanheule,Person,1710,1710,correspondent
Q115834833,Arthur Maria Gustavus Florimond Plettinck,Person,1710,1710,correspondent
Q120176244,Jan De Neve,Person,1710,1710,correspondent
Q2306925,Joseph-Olivier Andries,Person,1710,1710,correspondent
Q115980044,Isidoor Verdoodt,Person,1710,1710,correspondent
Q116659577,Maria Josepha Gezelle,Person,1710,1710,correspondent
Q122831483,Emilie Marie Justine Demonie,Person,1710,1710,correspondent
Q125257556,Marie Bert,Person,1710,1710,correspondent
Q117227040,Emily Jane Martin,Person,1710,1710,correspondent
Q116508893,Justine Van De Velde,Person,1710,1710,correspondent
Q120489194,Julius Burrick,Person,1710,1710,correspondent
Q115826199,Modest Delplace,Person,1710,1710,correspondent
Q2332586,Alexis De Carne,Person,1710,1710,correspondent
Q120555811,Charles-Jean De Mulié,Person,1710,1710,correspondent
Q43129301,Jacobus Augustinus de Rijk,Person,1710,1710,correspondent
Q125334130,Marie Sophie Devys,Person,1710,1710,correspondent
Q5580544,Adrianus Bogaers,Person,1710,1710,correspondent
Q125491053,Jules Huysentruyt,Person,1710,1710,correspondent
Q322106,Walter William Skeat,Person,1710,1710,correspondent
Q122794969,Marie Stéphanie Vantomme,Person,1710,1710,correspondent
Q115815697,Aloysius De Visschere,Person,1710,1710,correspondent
Q110039170,Leonardus Nuttin,Person,1710,1710,correspondent
Q122903342,Edith-Cathare Smith,Person,1710,1710,correspondent
Q115838249,Gustaf Vandendries,Person,1710,1710,correspondent
Q7190386,Jean Joseph Loiseaux,Person,1710,1710,correspondent
Q119040354,Charles Joseph Vercauteren,Person,1710,1710,correspondent
Q87648661,Hendrik Brinck,Person,1710,1710,correspondent
Q115839965,Hendrik Vandendriessche,Person,1710,1710,correspondent
Q115834690,Aimé Lagae,Person,1710,1710,correspondent
Q115818718,Theophiel Goethals,Person,1710,1710,correspondent
Q120913841,François Auguste Van Costenoble,Person,1710,1710,correspondent
Q115831039,Amandus Devloo,Person,1710,1710,correspondent
Q115839975,Joannes Vandenweghe,Person,1710,1710,correspondent
Q125341815,Juliana Decloedt,Person,1710,1710,correspondent
Q115852702,Mathilde Germonprez,Person,1710,1710,correspondent
Q115844249,Rosalia Verstraete,Person,1710,1710,correspondent
Q116621789,Eugénie De Neve,Person,1710,1710,correspondent
Q120718341,Edmond Amand Constant Lecompte,Person,1710,1710,correspondent
Q122833200,Octavie Van Gillewe,Person,1710,1710,correspondent
Q75320316,Mary Constantia Clifford,Person,1710,1710,correspondent
Q115855636,Febronie Lemettre,Person,1710,1710,correspondent
Q125365215,Flora Maria Mastraeten,Person,1710,1710,correspondent
Q123606015,Marie Julie Eugénie Goddyn,Person,1710,1710,correspondent
Q118175361,Marcel Van Dromme,Person,1710,1710,correspondent
Q115825992,Emile Tillieux,Person,1710,1710,correspondent
Q123050649,Ann Jordan,Person,1710,1710,correspondent
Q119625198,Hippoliet Verhulst,Person,1710,1710,correspondent
Q122971839,Arthur Jean Botte,Person,1710,1710,correspondent
Q2627945,Isidoor Teirlinck,Person,1710,1710,correspondent
Q115979048,Petrus Baelden,Person,1710,1710,correspondent
Q123399443,Carolina Theresia Lefebvre,Person,1710,1710,correspondent
Q2490990,Auguste Reynaert,Person,1710,1710,correspondent
Q115839320,Edouardus Vyncke,Person,1710,1710,correspondent
Q122798023,Maria Ida Jacobina Daerden,Person,1710,1710,correspondent
Q123416923,Katarina Vanhoenacker,Person,1710,1710,correspondent
Q125351679,Félix Pierre Victor Raikem,Person,1710,1710,correspondent
Q123052123,Eugénie Barbe Peel,Person,1710,1710,correspondent
Q120493880,Jan Frans De Block,Person,1710,1710,correspondent
Q120640333,Charles Denys,Person,1710,1710,correspondent
Q115822210,Raymond Muyldermans,Person,1710,1710,correspondent
Q2266893,Jan Ferguut,Person,1710,1710,correspondent
Q125365561,Sophie Marie Louise de Robiano,Person,1710,1710,correspondent
Q115821481,Laurentius Dehulster,Person,1710,1710,correspondent
Q120793054,Cuthbert Robinson,Person,1710,1710,correspondent
Q122830932,Catherine Hart,Person,1710,1710,correspondent
Q115835025,Louise Joséphine Doyen,Person,1710,1710,correspondent
Q115821483,Aloïs Baelen,Person,1710,1710,correspondent
Q2658862,Auguste Van Speybrouck,Person,1710,1710,correspondent
Q120164850,Arthur Robinson,Person,1710,1710,correspondent
Q120884878,Pieter Jan Timmerman,Person,1710,1710,correspondent
Q120855316,Ernest Albin Smith,Person,1710,1710,correspondent
Q126734623,Juliana Spriet,Person,1710,1710,correspondent
Q5026719,Camillus Paul Maes,Person,1710,1710,correspondent
Q75320317,Maurice Denis Kavanagh,Person,1710,1710,correspondent
Q119041387,Karel Lodewijk Van Raes,Person,1710,1710,correspondent
Q115981931,Florimond Vanden Bulcke,Person,1710,1710,correspondent
Q125275288,Ernestine De Seille,Person,1710,1710,correspondent
Q115829884,Theophilus Roucourt,Person,1710,1710,correspondent
Q122903266,Spencer Francis Smith,Person,1710,1710,correspondent
Q123416074,Henri Delbaere,Person,1710,1710,correspondent
Q125359798,Marie Philomene Van Walleghem,Person,1710,1710,correspondent
Q111342238,Karel Beyaert,Person,1710,1710,correspondent
Q120333083,Petrus Ludovicus Dessein,Person,1710,1710,correspondent
Q128903989,Marie Thérèse Joseph Anne Louise Julie Flore Clotilde Roels,Person,1710,1710,correspondent
Q125859018,Elvina Marie Verbeke,Person,1710,1710,correspondent
Q131923924,Amélie Emérentine Joseph Mullier,Person,1710,1710,correspondent
Q115827696,Henricus Blancke,Person,1710,1710,correspondent
Q120556534,Desiderius De Pau,Person,1710,1710,correspondent
Q5983066,Ian Theodor Beelen,Person,1710,1710,correspondent
Q120556695,Eugène Charles Jean Valentin de Peñaranda,Person,1710,1710,correspondent
Q661733,Charles Gillès de Pelichy,Person,1710,1710,correspondent
Q36834,componist,Beroep,1710,1710,
Q40348,advocaat,Beroep,1710,1710,
Q82955,politicus,Beroep,1710,1710,
Q49757,dichter,Beroep,1710,1710,
Q12995,Kortrijk,Werklocatie,1710,1710,
Q3621491,archeoloog,Beroep,1710,1710,
Q1753370,parochievicaris,Beroep,1710,1710,
Q1469535,rooms-katholiek priester,Beroep,1710,1710,
Q2251335,leerkracht,Beroep,1710,1710,
Q1056391,rector,Beroep,1710,1710,
Q955464,pastoor,Beroep,1710,1710,
Q119853947,Normaalschool Torhout,Werkgever,1710,1710,
Q118369334,Sint-Jozefscollege Tielt,Werkgever,1710,1710,
Q651724,Pittem,Werklocatie,1710,1710,
Q651811,Tielt,Werklocatie,1710,1710,
Q705020,Kaster,Werklocatie,1710,1710,
Q270633,Torhout,Werklocatie,1710,1710,
Q2354846,Sint-Denijs,Werklocatie,1710,1710,
Q1657500,aalmoezenier,Beroep,1710,1710,
Q42603,priester,Beroep,1710,1710,
Q36180,schrijver,Beroep,1710,1710,
Q2663876,Sint-Lodewijkscollege,Werkgever,1710,1710,
Q12994,Brugge,Werklocatie,1710,1710,
Q250867,katholiek priester,Beroep,1710,1710,
Q11977377,inspecteur,Beroep,1710,1710,
Q15882061,Sint-Vincentiuscollege (Ieper),Werkgever,1710,1710,
Q2316093,Zarren,Werklocatie,1710,1710,
Q102728,Ieper,Werklocatie,1710,1710,
Q215244,Diksmuide,Werklocatie,1710,1710,
Q1021461,Bossuit,Werklocatie,1710,1710,
Q1622272,academisch docent,Beroep,1710,1710,
Q1162163,directeur,Beroep,1710,1710,
Q118370108,Staatsnormaalschool voor jongens Brugge,Werkgever,1710,1710,
Q392337,Izegem,Werklocatie,1710,1710,
Q1072363,bestuurder,Beroep,1710,1710,
Q333634,vertaler,Beroep,1710,1710,
Q1553123,lector,Beroep,1710,1710,
Q435940,pater,Beroep,1710,1710,
Q214154,Zonnebeke,Werklocatie,1710,1710,
Q822795,Koekelare,Werklocatie,1710,1710,
Q118958,Leuven,Werklocatie,1710,1710,
Q2185331,Sint-Janscollege,Werkgever,1710,1710,
Q2139232,Onze-Lieve-Vrouwehospitaal,Werkgever,1710,1710,
Q2480833,Onze-Lieve-Vrouwecollege,Werkgever,1710,1710,
Q231768,Zwarte Zusters van de H. Augustinus,Werkgever,1710,1710,
Q2018402,Sint-Amandscollege,Werkgever,1710,1710,
Q499588,Poperinge,Werklocatie,1710,1710,
Q2191390,Roesbrugge,Werklocatie,1710,1710,
Q2807,Madrid,Werklocatie,1710,1710,
Q12996,Oostende,Werklocatie,1710,1710,
Q114371470,coadjutor,Beroep,1710,1710,
Q2963326,Reninge,Werklocatie,1710,1710,
Q2568071,Schore,Werklocatie,1710,1710,
Q2107664,Westkapelle,Werklocatie,1710,1710,
Q1963590,Geluwe,Werklocatie,1710,1710,
Q115705951,pastoor-deken,Beroep,1710,1710,
Q120650189,Congregatie van de Grauwzusters Franciscanessen (Roeselare),Werkgever,1710,1710,
Q1867263,Klein Seminarie Roeselare,Werkgever,1710,1710,
Q2479554,Grootseminarie van Brugge,Werkgever,1710,1710,
Q211037,Roeselare,Werklocatie,1710,1710,
Q213224,Menen,Werklocatie,1710,1710,
Q208762,kapelaan,Beroep,1710,1710,
Q194037,Seraing,Werklocatie,1710,1710,
Q2794293,Membruggen,Werklocatie,1710,1710,
Q2371714,Bevingen,Werklocatie,1710,1710,
Q943502,Landen,Werklocatie,1710,1710,
Q736120,Leopoldsburg,Werklocatie,1710,1710,
Q674426,conservator,Beroep,1710,1710,
Q125919425,huiskapelaan,Beroep,1710,1710,
Q2000918,Jules de Villenfagne de Vogelsanck,Werkgever,1710,1710,
Q125919486,"Klein Seminarie, Saint-Roch",Werkgever,1710,1710,
Q95909676,Collège Saint-Quirin,Werkgever,1710,1710,
Q38298881,Saint-Roch,Werklocatie,1710,1710,
Q58780,Hasselt,Werklocatie,1710,1710,
Q207095,Hoei,Werklocatie,1710,1710,
Q218497,Zolder,Werklocatie,1710,1710,
Q3391743,beeldend kunstenaar,Beroep,1710,1710,
Q1281618,beeldhouwer,Beroep,1710,1710,
Q4648351,Academie voor Schone Kunsten Brugge,Werkgever,1710,1710,
Q611644,katholiek bisschop,Beroep,1710,1710,
Q219477,missionaris,Beroep,1710,1710,
Q1018423,Melton Mowbray,Woonplaats,1710,1710,
Q23666,Groot-Brittannië,Woonplaats,1710,1710,
Q29520,China,Woonplaats,1710,1710,
Q383912,Glossop,Woonplaats,1710,1710,
Q175151,drukker,Beroep,1710,1710,
Q16947657,lithograaf,Beroep,1710,1710,
Q998550,boekhandelaar,Beroep,1710,1710,
Q2516866,uitgever,Beroep,1710,1710,
Q12994,Brugge,Woonplaats,1710,1710,
Q40881196,drukker-boekverkoper,Beroep,1710,1710,
Q109663038,C.L van Langenhuysen,Werkgever,1710,1710,
Q727,Amsterdam,Werklocatie,1710,1710,
Q80687,secretaris,Beroep,1710,1710,
Q285759,verzekeringsmakelaar,Beroep,1710,1710,
Q12995,Kortrijk,Woonplaats,1710,1710,
Q1296,Gent,Woonplaats,1710,1710,
Q3099657,Marke,Woonplaats,1710,1710,
Q79848,Southampton,Werklocatie,1710,1710,
Q3057456,Roehampton,Werklocatie,1710,1710,
Q925424,Christchurch,Werklocatie,1710,1710,
Q587996,Cowes,Werklocatie,1710,1710,
Q146690,Brixton,Werklocatie,1710,1710,
Q385060,Camberwell,Werklocatie,1710,1710,
Q114232670,Bisschoppelijk College Veurne,Werkgever,1710,1710,
Q122898958,"Congregatie van de Zusters van Maria, Izegem",Werkgever,1710,1710,
Q52224323,"Congregatie van de Zusters van de Heilige Familie, Ieper",Werkgever,1710,1710,
Q52380328,"Congregatie van de Zusters van Liefde, Heule",Werkgever,1710,1710,
Q506707,Veurne,Werklocatie,1710,1710,
Q3110823,Heule,Werklocatie,1710,1710,
Q1924402,Lissewege,Werklocatie,1710,1710,
Q954682,Booitshoeke,Werklocatie,1710,1710,
Q6673651,letterkundige,Beroep,1710,1710,
Q822748,Ingelmunster,Werklocatie,1710,1710,
Q1958649,schoolopziener,Beroep,1710,1710,
Q105186,apotheker,Beroep,1710,1710,
Q1356,West-Bengalen,Werklocatie,1710,1710,
Q189010,notaris,Beroep,1710,1710,
Q735797,Wingene,Werklocatie,1710,1710,
Q3243461,verzamelaar,Beroep,1710,1710,
Q1104153,kanunnik,Beroep,1710,1710,
Q1044528,vicaris-generaal,Beroep,1710,1710,
Q725440,prelaat,Beroep,1710,1710,
Q2556717,Westvleteren,Werklocatie,1710,1710,
Q482980,auteur,Beroep,1710,1710,
Q1776501,overste,Beroep,1710,1710,
Q147618,begijn of bogaard,Beroep,1710,1710,
Q339395,Wielsbeke,Werklocatie,1710,1710,
Q780561,Moorsele,Werklocatie,1710,1710,
Q1012352,Ingooigem,Werklocatie,1710,1710,
Q244513,Zwevegem,Werklocatie,1710,1710,
Q960518,Deer Lodge,Werklocatie,1710,1710,
Q1223,Washington,Werklocatie,1710,1710,
Q960518,Deer Lodge,Woonplaats,1710,1710,
Q1223,Washington,Woonplaats,1710,1710,
Q2681034,Emelgem,Woonplaats,1710,1710,
Q23835475,assistent,Beroep,1710,1710,
Q18125,Manchester,Werklocatie,1710,1710,
Q5273898,Southwark,Werklocatie,1710,1710,
Q1626288,Long Eaton,Werklocatie,1710,1710,
Q875554,Bisdom Salford,Werklocatie,1710,1710,
Q873205,Bisdom Nottingham,Werklocatie,1710,1710,
Q45684,geestelijk leidsman,Beroep,1710,1710,
Q120729028,"Congregatie van de Religieuzen van Sint-Andreas van Ramegnies-Chin, Assebroek",Werkgever,1710,1710,
Q590398,bisdom Brugge,Werklocatie,1710,1710,
Q739996,Assebroek,Werklocatie,1710,1710,
Q1993192,financieel beheerder,Beroep,1710,1710,
Q2174414,Wijtschate,Werklocatie,1710,1710,
Q2261514,Ettelgem,Werklocatie,1710,1710,
Q2414284,Pollinkhove,Werklocatie,1710,1710,
Q2220639,Roesbrugge-Haringe,Werklocatie,1710,1710,
Q742892,Oostkamp,Werklocatie,1710,1710,
Q726498,Langemark,Werklocatie,1710,1710,
Q120835988,Gesticht Sint-Dominicus,Werkgever,1710,1710,
Q118388831,Bisschoppelijk college Sint-Joseph,Werkgever,1710,1710,
Q113988659,Sint-Aloysiuscollege,Werkgever,1710,1710,
Q120835965,Congregatie van de Zusters Dominicanessen van de Heilige Catharina van Siena,Werkgever,1710,1710,
Q220145,Moeskroen,Werklocatie,1710,1710,
Q2491546,Otegem,Werklocatie,1710,1710,
Q102728,Ieper,Woonplaats,1710,1710,
Q463937,Saint Thomas,Woonplaats,1710,1710,
Q37792,Sint-Truiden,Woonplaats,1710,1710,
Q113988734,Sint-Aloysiuscollege,Werkgever,1710,1710,
Q2396419,Proven,Werklocatie,1710,1710,
Q2731701,Kooigem,Werklocatie,1710,1710,
Q2676933,Sint-Andries,Woonplaats,1710,1710,
Q430812,Sint-Michiels,Woonplaats,1710,1710,
Q120706320,Sint-Aloysiusinstituut,Werkgever,1710,1710,
Q2237527,Berthoutinstituut Klein Seminarie,Werkgever,1710,1710,
Q162022,Mechelen,Werklocatie,1710,1710,
Q464454,Geel,Werklocatie,1710,1710,
Q239,Brussel,Werklocatie,1710,1710,
Q12892,Antwerpen,Werklocatie,1710,1710,
Q2181673,Koolskamp,Werklocatie,1710,1710,
Q2863278,Jonkershove,Werklocatie,1710,1710,
Q974144,leerkracht,Beroep,1710,1710,
Q3181971,Sint-Joris,Werklocatie,1710,1710,
Q628733,Moorslede,Werklocatie,1710,1710,
Q478797,Harelbeke,Werklocatie,1710,1710,
Q121594,professor,Beroep,1710,1710,
Q118732656,deservitor,Beroep,1710,1710,
Q1231906,diocesaan administrator,Beroep,1710,1710,
Q2526091,Eindhout,Werklocatie,1710,1710,
Q12886,Anderlecht,Werklocatie,1710,1710,
Q711,Mongolië,Werklocatie,1710,1710,
Q1260195,Drongen,Werklocatie,1710,1710,
Q696982,Ruiselede,Werklocatie,1710,1710,
Q2681034,Emelgem,Werklocatie,1710,1710,
Q674954,De Panne,Werklocatie,1710,1710,
Q2314278,Oostduinkerke,Werklocatie,1710,1710,
Q301745,Adinkerke,Werklocatie,1710,1710,
Q49345973,Berck-Plage,Werklocatie,1710,1710,
Q255575,Passendale,Werklocatie,1710,1710,
Q835128,Oudenburg,Werklocatie,1710,1710,
Q1297,Chicago,Woonplaats,1710,1710,
Q211037,Roeselare,Woonplaats,1710,1710,
Q2141193,opvoeder,Beroep,1710,1710,
Q2006337,Eernegem,Werklocatie,1710,1710,
Q1827485,Leffinge,Werklocatie,1710,1710,
Q2789957,Bekegem,Werklocatie,1710,1710,
Q118395622,studiemeester,Beroep,1710,1710,
Q696942,Houthulst,Werklocatie,1710,1710,
Q639669,muzikant,Beroep,1710,1710,
Q118369361,Bisschoppelijk Sint-Bernarduscollege Nieuwpoort,Werkgever,1710,1710,
Q2352516,Rollegem-Kapelle,Werklocatie,1710,1710,
Q623310,Nieuwpoort,Werklocatie,1710,1710,
Q3977338,Dienaressen van de Heilige Geest van de Altijddurende Aanbidding,Werkgever,1710,1710,
Q705013,Bavikhove,Werklocatie,1710,1710,
Q44762,Entre Ríos,Werklocatie,1710,1710,
Q44213,Paraná,Werklocatie,1710,1710,
Q3445977,Veldegem,Werklocatie,1710,1710,
Q2555902,Oostvleteren,Woonplaats,1710,1710,
Q639974,Ardooie,Werklocatie,1710,1710,
Q14915627,musicoloog,Beroep,1710,1710,
Q756215,proost,Beroep,1710,1710,
Q13122,Dendermonde,Werklocatie,1710,1710,
Q2741141,Aspelare,Werklocatie,1710,1710,
Q499532,Geraardsbergen,Werklocatie,1710,1710,
Q3196450,Kieldrecht,Werklocatie,1710,1710,
Q1296,Gent,Werklocatie,1710,1710,
Q2113250,vicerector,Beroep,1710,1710,
Q2124530,Justus Lipsiuscollege,Werkgever,1710,1710,
Q118456609,École normale ecclésiastique des humanités,Werkgever,1710,1710,
Q120693890,"Congregatie van de Zusters van Liefde, Leuven",Werkgever,1710,1710,
Q644789,Katholieke Universiteit te Leuven,Werkgever,1710,1710,
Q2326156,Merkem,Werklocatie,1710,1710,
Q3099657,Marke,Werklocatie,1710,1710,
Q1833538,Ten Brielen,Werklocatie,1710,1710,
Q650376,Oekene,Werklocatie,1710,1710,
Q1849663,Heestert,Werklocatie,1710,1710,
Q2017210,Zande,Werklocatie,1710,1710,
Q1024880,Kemmel,Werklocatie,1710,1710,
Q1023248,Oedelem,Werklocatie,1710,1710,
Q2751461,Aartrijke,Werklocatie,1710,1710,
Q13744144,Klein Seminarie,Werkgever,1710,1710,
Q724638,Hoogstraten,Werklocatie,1710,1710,
Q272243,Sint-Joost-ten-Node,Werklocatie,1710,1710,
Q1260195,Drongen,Woonplaats,1710,1710,
Q589298,hoofdredacteur,Beroep,1710,1710,
Q129286,Brits-Indië,Werklocatie,1710,1710,
Q918153,Brits-Ceylon,Werklocatie,1710,1710,
Q120694290,"Ierse dames, Ieper",Werkgever,1710,1710,
Q33117,Zusters van Sint-Jozef,Werkgever,1710,1710,
Q25681792,Sint-Juliaans,Werkgever,1710,1710,
Q2314032,Sint-Eloois-Winkel,Werklocatie,1710,1710,
Q2524088,Stasegem,Werklocatie,1710,1710,
Q1807289,Sint-Leocollege,Werkgever,1710,1710,
Q1704244,Rumbeke,Werklocatie,1710,1710,
Q2610272,Spiere,Werklocatie,1710,1710,
Q352388,grondvoertuigbestuurder,Beroep,1710,1710,
Q2223904,Mont-à-Leux,Werklocatie,1710,1710,
Q120462060,Sint-Annagesticht,Werkgever,1710,1710,
Q1947380,Ranchi,Werklocatie,1710,1710,
Q45031341,Congregatie van de Broeders van Sint-Franciscus Xaverius,Werkgever,1710,1710,
Q576579,Wilskerke,Werklocatie,1710,1710,
Q12012813,Ekkergem,Werklocatie,1710,1710,
Q2786493,Middelburg,Werklocatie,1710,1710,
Q840968,Lovendegem,Werklocatie,1710,1710,
Q842943,Baardegem,Werklocatie,1710,1710,
Q326653,boekhouder,Beroep,1710,1710,
Q125930306,"Utile Dulci, Sint-Truiden",Werkgever,1710,1710,
Q1998586,Loksbergen,Werklocatie,1710,1710,
Q37792,Sint-Truiden,Werklocatie,1710,1710,
Q120653276,Congregatie van de Zwartzusters van Bethel osa (Brugge),Werkgever,1710,1710,
Q2692740,Dottenijs,Werklocatie,1710,1710,
Q2351222,Ploegsteert,Werklocatie,1710,1710,
Q918824,militair geestelijk verzorger,Beroep,1710,1710,
Q2304374,Sint-Jan Berchmanscollege,Werkgever,1710,1710,
Q792369,Defensie van België,Werkgever,1710,1710,
Q2174334,Petite-Chapelle,Werklocatie,1710,1710,
Q177133,Avelgem,Werklocatie,1710,1710,
Q2469560,Sint-Catharinacollege,Werkgever,1710,1710,
Q50973665,Congregatie van de Zusters van de H. Vincentius a Paulo (Moerzeke),Werkgever,1710,1710,
Q724573,Moerzeke,Werklocatie,1710,1710,
Q823623,Temse,Werklocatie,1710,1710,
Q1849098,Meigem,Werklocatie,1710,1710,
Q597997,Massemen,Werklocatie,1710,1710,
Q187755,Merelbeke,Werklocatie,1710,1710,
Q202309,Buggenhout,Werklocatie,1710,1710,
Q109042,Halden,Werklocatie,1710,1710,
Q4958876,deken,Beroep,1710,1710,
Q120831037,Sint-Norbertusinstituut Antwerpen,Werkgever,1710,1710,
Q59308086,Huisprelaat van Zijne Heiligheid,Beroep,1710,1710,
Q590398,bisdom Brugge,Werkgever,1710,1710,
Q1865404,Nieuwkerke,Werklocatie,1710,1710,
Q705028,Outrijve,Werklocatie,1710,1710,
Q742906,Dentergem,Werklocatie,1710,1710,
Q696887,Lendelede,Werklocatie,1710,1710,
Q3472086,Stene,Werklocatie,1710,1710,
Q2337062,Zillebeke,Werklocatie,1710,1710,
Q1937157,Klerken,Werklocatie,1710,1710,
Q211073,Matadi,Werklocatie,1710,1710,
Q724577,Appels,Werklocatie,1710,1710,
Q388115,Zele,Woonplaats,1710,1710,
Q52215729,"Sint-Jozefinstituut, Sint-Niklaas",Werkgever,1710,1710,
Q270644,Beveren,Werklocatie,1710,1710,
Q13127,Sint-Niklaas,Werklocatie,1710,1710,
Q830337,prior,Beroep,1710,1710,
Q462390,docent,Beroep,1710,1710,
Q2161674,Zerkegem,Werklocatie,1710,1710,
Q2625637,Gits,Werklocatie,1710,1710,
Q742920,Bredene,Werklocatie,1710,1710,
Q47113423,Sint-Antoniuscollege te Ronse,Werkgever,1710,1710,
Q2400293,Oostakker,Werklocatie,1710,1710,
Q14988,Oostwinkel,Werklocatie,1710,1710,
Q268219,Ronse,Werklocatie,1710,1710,
Q13815099,Maria-Aalter,Werklocatie,1710,1710,
Q2248548,Tongerlo,Werklocatie,1710,1710,
Q2041336,Woumen,Werklocatie,1710,1710,
Q125535800,Congregatie van de Zusters van de H. Vincentius a Paulo (Anzegem),Werkgever,1710,1710,
Q2006454,Westkerke,Werklocatie,1710,1710,
Q614274,Anzegem,Werklocatie,1710,1710,
Q25378518,adjunct-directeur,Beroep,1710,1710,
Q1362697,Zusters van Onze-Lieve-Vrouw van Namen,Werkgever,1710,1710,
Q3151805,Institut Saint-Boniface-Parnasse,Werkgever,1710,1710,
Q52224437,"Broeders van de Christelijke Scholen, district Vlaanderen",Werkgever,1710,1710,
Q533936,Dion-Valmont,Werklocatie,1710,1710,
Q208713,Elsene,Werklocatie,1710,1710,
Q134121,Namen,Werklocatie,1710,1710,
Q599127,Overijse,Werklocatie,1710,1710,
Q191808,non,Beroep,1710,1710,
Q2117660,Dranouter,Werklocatie,1710,1710,
Q83317,Mosoel,Werklocatie,1710,1710,
Q3472219,Sint-Baafs-Vijve,Werklocatie,1710,1710,
Q76048,Kongo-Vrijstaat,Werklocatie,1710,1710,
Q6051619,publicist,Beroep,1710,1710,
Q3110836,Wakken,Werklocatie,1710,1710,
Q1952054,Oostnieuwkerke,Werklocatie,1710,1710,
Q1012349,Kerkhove,Werklocatie,1710,1710,
Q3012273,Wulveringem,Werklocatie,1710,1710,
Q120855954,Sint-Juliaansgesticht Brugge,Werkgever,1710,1710,
Q2199190,Dikkebus,Werklocatie,1710,1710,
Q120330461,"Congregatie van de Zusters van de Heilige Jozef, Oostende",Werkgever,1710,1710,
Q2463781,Komen,Werklocatie,1710,1710,
Q1056310,subdiaken,Beroep,1710,1710,
Q822783,Meulebeke,Werklocatie,1710,1710,
Q328104,Blankenberge,Werklocatie,1710,1710,
Q2505670,Sint-Kruis,Werklocatie,1710,1710,
Q122877933,Congregatie van de Zusters van het Geloof,Werkgever,1710,1710,
Q2566545,Rekkem,Werklocatie,1710,1710,
Q39631,arts,Beroep,1710,1710,
Q12460,Lier,Werklocatie,1710,1710,
Q119767161,Sint-Jozefsinstituut Torhout,Werkgever,1710,1710,
Q201788,historicus,Beroep,1710,1710,
Q864380,biograaf,Beroep,1710,1710,
Q687921,Beernem,Werklocatie,1710,1710,
Q3102205,Slijpe,Werklocatie,1710,1710,
Q921682,De Klijte,Werklocatie,1710,1710,
Q121047069,"Zondagsscholen, Brugge",Werkgever,1710,1710,
Q1978079,Gullegem,Werklocatie,1710,1710,
Q4991371,soldaat,Beroep,1710,1710,
Q1939288,Oostkerke,Werklocatie,1710,1710,
Q1411366,Vladslo,Werklocatie,1710,1710,
Q3049134,Egem,Werklocatie,1710,1710,
Q2137484,Varsenare,Werklocatie,1710,1710,
Q1840847,Houtem,Werklocatie,1710,1710,
Q2346906,Bellegem,Werklocatie,1710,1710,
Q864668,Caithness,Werklocatie,1710,1710,
Q258,Zuid-Afrika,Werklocatie,1710,1710,
Q1012502,Wick,Werklocatie,1710,1710,
Q29520,China,Werklocatie,1710,1710,
Q20,Noorwegen,Werklocatie,1710,1710,
Q120787149,"Congregatie van de Zusters van Sint-Niklaas, Augustinessen, Kortrijk",Werkgever,1710,1710,
Q118390369,Leergesticht den Casino,Werkgever,1710,1710,
Q875554,Bisdom Salford,Werkgever,1710,1710,
Q47952,Salford,Werklocatie,1710,1710,
Q724448,Hemiksem,Werklocatie,1710,1710,
Q2189234,Ramsel,Werklocatie,1710,1710,
Q284691,Vivenkapelle,Werklocatie,1710,1710,
Q2333747,Kachtem,Werklocatie,1710,1710,
Q3040923,Dudzele,Werklocatie,1710,1710,
Q1012354,Tiegem,Werklocatie,1710,1710,
Q696907,Hooglede,Werklocatie,1710,1710,
Q37226,onderwijzer,Beroep,1710,1710,
Q3110841,Sijsele,Werklocatie,1710,1710,
Q995533,Monroe,Werklocatie,1710,1710,
Q742876,Staden,Werklocatie,1710,1710,
Q822777,Oostrozebeke,Werklocatie,1710,1710,
Q2510121,Brielen,Werklocatie,1710,1710,
Q392343,Wevelgem,Werklocatie,1710,1710,
Q118464951,Congregatie van de Zusters Paulinen (Kortrijk),Werkgever,1710,1710,
Q2127148,Lauwe,Werklocatie,1710,1710,
Q52383086,"Congregatie van de Zusters van Maria, Pittem",Werkgever,1710,1710,
Q281181,Ichtegem,Werklocatie,1710,1710,
Q122901389,"Congregatie van de Zusters van de Heilige Familie, Moorsele",Werkgever,1710,1710,
Q2750562,Aarsele,Werklocatie,1710,1710,
Q2561079,Meetkerke,Werklocatie,1710,1710,
Q2708072,Bissegem,Werklocatie,1710,1710,
Q204547,Waregem,Werklocatie,1710,1710,
Q2658385,Voormezele,Werklocatie,1710,1710,
Q318532,Wervik,Werklocatie,1710,1710,
Q121078697,"Psychiatrisch Centrum Sint-Amedeus, Mortsel",Werkgever,1710,1710,
Q121078675,Sint-Elisabeth Hospitaal,Werkgever,1710,1710,
Q203312,Ukkel,Werklocatie,1710,1710,
Q688781,Mortsel,Werklocatie,1710,1710,
Q2741641,Handzame,Werklocatie,1710,1710,
Q340,Montréal,Werklocatie,1710,1710,
Q731501,Kuurne,Werklocatie,1710,1710,
Q2191886,Oostkerke,Werklocatie,1710,1710,
Q1021457,Gijzelbrechtegem,Werklocatie,1710,1710,
Q2746117,Koolkerke,Werklocatie,1710,1710,
Q120999387,"Sint-Gregoriuscollege, Ledeberg",Werkgever,1710,1710,
Q2802143,Ledeberg,Werklocatie,1710,1710,
Q2480040,Beveren-aan-de-IJzer,Werklocatie,1710,1710,
Q2490578,Sint-Pieters-op-den-Dijk,Werklocatie,1710,1710,
Q1901132,Snellegem,Werklocatie,1710,1710,
Q916292,scribent,Beroep,1710,1710,
Q1021658,kantoorbediende,Beroep,1710,1710,
Q182436,bibliothecaris,Beroep,1710,1710,
Q1365552,koster,Beroep,1710,1710,
Q876864,redacteur,Beroep,1710,1710,
Q212238,ambtenaar,Beroep,1710,1710,
Q635734,archivaris,Beroep,1710,1710,
Q122904531,Sluisch Weekblad,Werkgever,1710,1710,
Q2329939,Aardenburg,Werkgever,1710,1710,
Q239091,Croix,Woonplaats,1710,1710,
Q109571087,Saint-Pierre-lès-Calais,Woonplaats,1710,1710,
Q955,Aardenburg,Woonplaats,1710,1710,
Q836904,brouwer,Beroep,1710,1710,
Q2376216,Clifton,Woonplaats,1710,1710,
Q4869146,Bathwick,Woonplaats,1710,1710,
Q134121,Namen,Woonplaats,1710,1710,
Q2462658,manager,Beroep,1710,1710,
Q3051137,Hulme,Woonplaats,1710,1710,
Q47952,Salford,Woonplaats,1710,1710,
Q21,Engeland,Woonplaats,1710,1710,
Q3475027,Poeke,Woonplaats,1710,1710,
Q648,Rijsel,Woonplaats,1710,1710,
Q67205775,naaier,Beroep,1710,1710,
Q4974338,Brook Green,Woonplaats,1710,1710,
Q131491,Brighton,Woonplaats,1710,1710,
Q28599921,Portsea,Woonplaats,1710,1710,
Q256382,West Brompton,Woonplaats,1710,1710,
Q41890,Bayswater,Woonplaats,1710,1710,
Q124230,Paddington,Woonplaats,1710,1710,
Q84,Londen,Woonplaats,1710,1710,
Q3029404,ziekenhuisdirecteur,Beroep,1710,1710,
Q1068891,Saint-Venant,Werklocatie,1710,1710,
Q648,Rijsel,Werklocatie,1710,1710,
Q332310,Belle,Werklocatie,1710,1710,
Q3075052,volkskundige,Beroep,1710,1710,
Q17303149,pianoleraar,Beroep,1710,1710,
Q7501153,winkelier,Beroep,1710,1710,
Q26523296,"St Edward's Convent Of Mercy, And School",Werklocatie,1710,1710,
Q189960,Westminster,Werklocatie,1710,1710,
Q7313543,rentenier,Beroep,1710,1710,
Q277162,Hammersmith,Woonplaats,1710,1710,
Q146659,Clapham,Woonplaats,1710,1710,
Q833860,dienstmeid,Beroep,1710,1710,
Q2313151,dienstbode,Beroep,1710,1710,
Q2340735,Loppem,Woonplaats,1710,1710,
Q34370,Rotterdam,Woonplaats,1710,1710,
Q239,Brussel,Woonplaats,1710,1710,
Q3023339,kantwerker,Beroep,1710,1710,
Q336977,Guido Gezelle,Werkgever,1710,1710,
Q498655,Klemskerke,Werklocatie,1710,1710,
Q3110823,Heule,Woonplaats,1710,1710,
Q160131,bakker,Beroep,1710,1710,
Q2664461,conciërge,Beroep,1710,1710,
Q177133,Avelgem,Woonplaats,1710,1710,
Q15627169,vakbondsbestuurder,Beroep,1710,1710,
Q79848,Southampton,Woonplaats,1710,1710,
Q20814940,wijnhandelaar,Beroep,1710,1710,
Q735827,Lochristi,Woonplaats,1710,1710,
Q7316604,winkelbediende,Beroep,1710,1710,
Q12887,Schaarbeek,Woonplaats,1710,1710,
Q2065416,St Pancras,Woonplaats,1710,1710,
Q189960,Westminster,Woonplaats,1710,1710,
Q392337,Izegem,Woonplaats,1710,1710,
Q192859,Etterbeek,Woonplaats,1710,1710,
Q6403209,Khushpur,Werklocatie,1710,1710,
Q696355,Melle,Werklocatie,1710,1710,
Q11739,Lahore,Werklocatie,1710,1710,
Q120667787,vuurwerkmaker,Beroep,1710,1710,
Q2114844,taxidermist,Beroep,1710,1710,
Q38126150,huisvrouw,Beroep,1710,1710,
Q242468,kleermaker,Beroep,1710,1710,
Q2229927,kleuterleider,Beroep,1710,1710,
Q2412352,Biervliet,Woonplaats,1710,1710,
Q184287,Zedelgem,Woonplaats,1710,1710,
Q60,New York,Woonplaats,1710,1710,
Q125163,Islington,Woonplaats,1710,1710,
Q83407,Bergen,Werklocatie,1710,1710,
Q12440,Eeklo,Werklocatie,1710,1710,
Q2670767,Beerlegem,Werklocatie,1710,1710,
Q12910,Lokeren,Werklocatie,1710,1710,
Q3198907,Korbeek-Lo,Woonplaats,1710,1710,
Q118351827,Bisschoppelijk college Onze-Lieve-Vrouw Ter Duinen,Werkgever,1710,1710,
Q8019579,William Turner,Werkgever,1710,1710,
Q149688,Mill Hill,Werklocatie,1710,1710,
Q118395385,Instituut Amerlinck,Werkgever,1710,1710,
Q120979288,"Congregatie van de Zwarte Zusters van Oudenaarde, Kortrijk",Werkgever,1710,1710,
Q2132237,Loker,Werklocatie,1710,1710,
Q2791245,Lo,Werklocatie,1710,1710,
Q12996,Oostende,Woonplaats,1710,1710,
Q1540278,gouvernante,Beroep,1710,1710,
Q118197697,Marie-Caroline Germaine de Chaumontel,Werkgever,1710,1710,
Q118220602,Agnes Maria Swarbreck,Werkgever,1710,1710,
Q118192664,Félicie d'Anethan,Werkgever,1710,1710,
Q118213723,Jeanne Françoise Marie de Biolley,Werkgever,1710,1710,
Q202954,Verviers,Woonplaats,1710,1710,
Q207223,Drogheda,Woonplaats,1710,1710,
Q215536,koopman,Beroep,1710,1710,
Q1942100,Koninklijk Atheneum Redingenhof Leuven,Werkgever,1710,1710,
Q12887,Schaarbeek,Werklocatie,1710,1710,
Q456495,Virton,Werklocatie,1710,1710,
Q95096,Aat,Werklocatie,1710,1710,
Q3704253,handelaar,Beroep,1710,1710,
Q5322166,ontwerper,Beroep,1710,1710,
Q1012476,Youghal,Woonplaats,1710,1710,
Q184579,Bolton,Werklocatie,1710,1710,
Q24826,Liverpool,Werklocatie,1710,1710,
Q81096,ingenieur,Beroep,1710,1710,
Q66095885,textielhandelaar,Beroep,1710,1710,
Q6697,Empoli,Werklocatie,1710,1710,
Q16533,rechter,Beroep,1710,1710,
Q84,Londen,Werklocatie,1710,1710,
Q161944,diaken,Beroep,1710,1710,
Q641208,griffier,Beroep,1710,1710,
Q1930349,Rechtbank van eerste aanleg,Werkgever,1710,1710,
Q12992,Oudenaarde,Werklocatie,1710,1710,
Q833899,butler,Beroep,1710,1710,
Q6138343,houtsnijder,Beroep,1710,1710,
Q123634,Marylebone,Woonplaats,1710,1710,
Q336221,juwelier,Beroep,1710,1710,
Q120922737,"Congregatie van de Zusters van de Heilige Gehoorzaamheid, Veurne/De Panne",Werkgever,1710,1710,
Q388338,penningmeester,Beroep,1710,1710,
Q9920,Haarlem,Werklocatie,1710,1710,
Q774306,chirurg,Beroep,1710,1710,
Q4594605,magistraat,Beroep,1710,1710,
Q267663,Hoboken,Werklocatie,1710,1710,
Q1279568,behanger,Beroep,1710,1710,
Q3100236,Ternaaien,Werklocatie,1710,1710,
Q499609,Borgloon,Werklocatie,1710,1710,
Q2132066,Mechelen-Bovelingen,Werklocatie,1710,1710,
Q23154,Bristol,Woonplaats,1710,1710,
Q215354,Notting Hill,Woonplaats,1710,1710,
Q2903406,burgerlijk ingenieur,Beroep,1710,1710,
Q8686,Shanghai,Werklocatie,1710,1710,
Q188096,Penang,Werklocatie,1710,1710,
Q1054923,Brits Hongkong,Werklocatie,1710,1710,
Q184287,Zedelgem,Werklocatie,1710,1710,
Q118464734,Engels College,Werkgever,1710,1710,
Q203000,Perth,Werklocatie,1710,1710,
Q55453014,Warrabah,Werklocatie,1710,1710,
Q133315,Limerick,Werklocatie,1710,1710,
Q146659,Clapham,Werklocatie,1710,1710,
Q667610,Singleton,Werklocatie,1710,1710,
Q17856,Ballarat,Werklocatie,1710,1710,
Q1413170,boekbinder,Beroep,1710,1710,
Q1861723,Dadizele,Werklocatie,1710,1710,
Q12892,Antwerpen,Woonplaats,1710,1710,
Q7650196,Sutton,Woonplaats,1710,1710,
Q123947,Highgate,Woonplaats,1710,1710,
Q4093,Glasgow,Woonplaats,1710,1710,
Q180356,Broadway,Woonplaats,1710,1710,
Q2974907,Heist,Woonplaats,1710,1710,
Q7619622,Stonyhurst,Werklocatie,1710,1710,
Q184090,Preston,Werklocatie,1710,1710,
Q1622949,Accrington,Werklocatie,1710,1710,
Q1348,Calcutta,Werklocatie,1710,1710,
Q21550468,chromolithograaf,Beroep,1710,1710,
Q329439,graveur,Beroep,1710,1710,
Q118464788,Engels Seminarie,Werkgever,1710,1710,
Q188304,Sunderland,Werklocatie,1710,1710,
Q179815,Durham,Werklocatie,1710,1710,
Q23077,Lancashire,Werklocatie,1710,1710,
Q3051137,Hulme,Werklocatie,1710,1710,
Q4940251,Bolton le Moors,Werklocatie,1710,1710,
Q1904127,Sint-Maria-Latem,Werklocatie,1710,1710,
Q120489274,pastoraal directeur,Beroep,1710,1710,
Q1991101,Deftinge,Werklocatie,1710,1710,
Q580227,Vinkt,Werklocatie,1710,1710,
Q1380709,Watervliet,Werklocatie,1710,1710,
Q600301,Troy,Werklocatie,1710,1710,
Q908546,Puurs,Werklocatie,1710,1710,
Q33231,fotograaf,Beroep,1710,1710,
Q483501,kunstenaar,Beroep,1710,1710,
Q1028181,kunstschilder,Beroep,1710,1710,
Q2488256,Eksaarde,Werklocatie,1710,1710,
Q2392360,Scheldewindeke,Werklocatie,1710,1710,
Q1988333,Desteldonk,Werklocatie,1710,1710,
Q2005653,gerechtsdeurwaarder,Beroep,1710,1710,
Q612066,Soks,Werklocatie,1710,1710,
Q45797,Duinkerke,Werklocatie,1710,1710,
Q680624,Merris,Werklocatie,1710,1710,
Q1160270,Zerkel,Werklocatie,1710,1710,
Q769160,Groot-Sinten,Werklocatie,1710,1710,
Q687503,Sint-Momelijn,Werklocatie,1710,1710,
Q25399406,Religieuzen van de Heilige Familie (Helmet),Werkgever,1710,1710,
Q120721984,Weeshuis Deken Darras,Werkgever,1710,1710,
Q2512929,Rollegem,Werklocatie,1710,1710,
Q214917,toneelschrijver,Beroep,1710,1710,
Q414,Argentinië,Woonplaats,1710,1710,
Q2404540,Pilling,Werklocatie,1710,1710,
Q2656389,Mauritius Eiland,Werklocatie,1710,1710,
Q779280,oblaat,Beroep,1710,1710,
Q2535447,Markegem,Werklocatie,1710,1710,
Q1930187,journalist,Beroep,1710,1710,
Q408,Australië,Woonplaats,1710,1710,
Q10591707,oplichter,Beroep,1710,1710,
Q18125,Manchester,Woonplaats,1710,1710,
Q288781,Kensington,Woonplaats,1710,1710,
Q170478,Bournemouth,Woonplaats,1710,1710,
Q22889,Bath,Woonplaats,1710,1710,
Q2854293,Bovekerke,Werklocatie,1710,1710,
Q822763,Kortemark,Werklocatie,1710,1710,
Q2928134,Bulskamp,Werklocatie,1710,1710,
Q2101758,commissaris van politie,Beroep,1710,1710,
Q34370,Rotterdam,Werklocatie,1710,1710,
Q473892,Haubourdin,Werklocatie,1710,1710,
Q663930,Fives,Werklocatie,1710,1710,
Q773585,Rainsars,Werklocatie,1710,1710,
Q1152274,Zermezele,Werklocatie,1710,1710,
Q641313,Vleteren,Werklocatie,1710,1710,
Q274325,Loos,Werklocatie,1710,1710,
Q2896939,Berchem,Werklocatie,1710,1710,
Q3475001,Lotenhulle,Werklocatie,1710,1710,
Q3475027,Poeke,Werklocatie,1710,1710,
Q13924486,Onze-Lieve-Vrouwecollege,Werkgever,1710,1710,
Q688790,Sint-Pieters-Leeuw,Woonplaats,1710,1710,
Q52215696,Bisschoppelijke Normaalschool Onze-Lieve-Vrouw-Presentatie,Werkgever,1710,1710,
Q120999938,Sint-Camillusschool,Werkgever,1710,1710,
Q13121,Aalst,Werklocatie,1710,1710,
Q3474562,Asper,Werklocatie,1710,1710,
Q93521113,secretaris,Beroep,1710,1710,
Q204477,Zingem,Werklocatie,1710,1710,
Q41992214,Heilige Maagdcollege,Werkgever,1710,1710,
Q1809460,Strijpen,Werklocatie,1710,1710,
Q2106759,Ouwegem,Werklocatie,1710,1710,
Q793584,Berlare,Werklocatie,1710,1710,
Q618532,grondeigenaar,Beroep,1710,1710,
Q16,Canada,Werklocatie,1710,1710,
Q6606110,industrieel,Beroep,1710,1710,
Q2022299,Doornzele,Werklocatie,1710,1710,
Q3992,Luik,Werklocatie,1710,1710,
Q486748,pianist,Beroep,1710,1710,
Q1721,Wiesbaden,Woonplaats,1710,1710,
Q201970,Shrewsbury,Woonplaats,1710,1710,
Q987754,Newcastle West,Woonplaats,1710,1710,
Q39,Zwitserland,Woonplaats,1710,1710,
Q1425428,Newcastle upon Tyne,Woonplaats,1710,1710,
Q7056086,North Meols,Woonplaats,1710,1710,
Q492369,Middelkerke,Woonplaats,1710,1710,
Q1486,Buenos Aires,Woonplaats,1710,1710,
Q765778,organist,Beroep,1710,1710,
Q2675537,muziekleraar,Beroep,1710,1710,
Q25110562,kamenier,Beroep,1710,1710,
Q208713,Elsene,Woonplaats,1710,1710,
Q1348,Calcutta,Woonplaats,1710,1710,
Q25610,Hampstead,Woonplaats,1710,1710,
Q659895,Dalkey,Woonplaats,1710,1710,
Q7567400,South Hackney,Woonplaats,1710,1710,
Q3074712,Flône,Werklocatie,1710,1710,
Q2580321,Overleie,Werklocatie,1710,1710,
Q34217,Oxford,Woonplaats,1710,1710,
Q1045096,South Kensington,Woonplaats,1710,1710,
Q743535,Chelsea,Woonplaats,1710,1710,
Q350,Cambridge,Woonplaats,1710,1710,
Q776556,Ryde,Woonplaats,1710,1710,
Q42855995,fabrikant,Beroep,1710,1710,
Q92204276,magazijnmedewerker,Beroep,1710,1710,
Q81710,schaapherder,Beroep,1710,1710,
Q408,Australië,Werklocatie,1710,1710,
Q664,Nieuw-Zeeland,Werklocatie,1710,1710,
Q664,Nieuw-Zeeland,Woonplaats,1710,1710,
Q539371,corrector,Beroep,1710,1710,
Q1650915,onderzoeker,Beroep,1710,1710,
Q192621,The Daily Telegraph,Werkgever,1710,1710,
Q5053225,Catholic Record Society,Werkgever,1710,1710,
Q23661,Wellington,Woonplaats,1710,1710,
Q3130,Sydney,Woonplaats,1710,1710,
Q36405,Aberdeen,Woonplaats,1710,1710,
Q806798,bankier,Beroep,1710,1710,
Q183231,Bank of England,Werkgever,1710,1710,
Q2321706,Kingston upon Thames,Woonplaats,1710,1710,
Q1143278,Twickenham,Woonplaats,1710,1710,
Q24826,Liverpool,Woonplaats,1710,1710,
Q90,Parijs,Woonplaats,1710,1710,
Q743521,Scarborough,Woonplaats,1710,1710,
Q2619680,Desclée de Brouwer,Werkgever,1710,1710,
Q1639239,hoedenmaker,Beroep,1710,1710,
Q499588,Poperinge,Woonplaats,1710,1710,
Q638172,marskramer,Beroep,1710,1710,
Q33109310,catalograaf,Beroep,1710,1710,
Q8963721,genealoog,Beroep,1710,1710,
Q43683879,bibliotheekmedewerker,Beroep,1710,1710,
Q82133,Bodleian Library,Werkgever,1710,1710,
Q34217,Oxford,Werklocatie,1710,1710,
Q52380301,"Congregatie van de Zusters van de Heilige Vincentius a Paulo, Kortemark",Werkgever,1710,1710,
Q2091146,Werken,Werklocatie,1710,1710,
Q1229025,typograaf,Beroep,1710,1710,
Q616933,Nederename,Werklocatie,1710,1710,
Q118958,Leuven,Woonplaats,1710,1710,
Q3992,Luik,Woonplaats,1710,1710,
Q716658,Arundel,Woonplaats,1710,1710,
Q685433,verkoper,Beroep,1710,1710,
Q851718,Beverley,Woonplaats,1710,1710,
Q1065474,Chipping Norton,Woonplaats,1710,1710,
Q1024880,Kemmel,Woonplaats,1710,1710,
Q632471,Archbold,Werklocatie,1710,1710,
Q12439,Detroit,Werklocatie,1710,1710,
Q233129,Peoria,Werklocatie,1710,1710,
Q10686,Belfast,Woonplaats,1710,1710,
Q694116,molenaar,Beroep,1710,1710,
Q2442951,Niles,Werklocatie,1710,1710,
Q1166,Michigan,Werklocatie,1710,1710,
Q911983,Waarschoot,Werklocatie,1710,1710,
Q123690066,Engels wezenhuis,Werkgever,1710,1710,
Q716658,Arundel,Werklocatie,1710,1710,
Q1876354,Okegem,Werklocatie,1710,1710,
Q186360,verpleegkundige,Beroep,1710,1710,
Q1646408,abdis,Beroep,1710,1710,
Q131512,agrariër,Beroep,1710,1710,
Q2936941,Sint-Amandsberg,Werklocatie,1710,1710,
Q76604670,gemeenteontvanger,Beroep,1710,1710,
Q6602,Straatsburg,Woonplaats,1710,1710,
Q2647040,Hansbeke,Woonplaats,1710,1710,
Q12713481,arbeider,Beroep,1710,1710,
Q12049274,winkelier,Beroep,1710,1710,
Q23754015,textielfabrikant,Beroep,1710,1710,
Q134902,Stoke-on-Trent,Werklocatie,1710,1710,
Q2449737,Stone,Werklocatie,1710,1710,
Q122607,Bow,Werklocatie,1710,1710,
Q134902,Stoke-on-Trent,Woonplaats,1710,1710,
Q2449737,Stone,Woonplaats,1710,1710,
Q122607,Bow,Woonplaats,1710,1710,
Q81997,Boulogne-sur-Mer,Werklocatie,1710,1710,
Q3453174,Rumillies,Woonplaats,1710,1710,
Q173219,Doornik,Werklocatie,1710,1710,
Q738142,klerk,Beroep,1710,1710,
Q185591,Pietermaritzburg,Werklocatie,1710,1710,
Q185591,Pietermaritzburg,Woonplaats,1710,1710,
Q327321,metselaar,Beroep,1710,1710,
Q16513769,herbergier,Beroep,1710,1710,
Q486877,South Bend,Werklocatie,1710,1710,
Q36074,Queensland,Werklocatie,1710,1710,
Q36074,Queensland,Woonplaats,1710,1710,
Q244513,Zwevegem,Woonplaats,1710,1710,
Q2957897,Sint-Franciscus-Xaveriusinstituut (Brugge),Werkgever,1710,1710,
Q36433,Porto,Werklocatie,1710,1710,
Q228685,Zuienkerke,Woonplaats,1710,1710,
Q739996,Assebroek,Woonplaats,1710,1710,
Q63923,Meulestede,Werklocatie,1710,1710,
Q822651,Nevele,Werklocatie,1710,1710,
Q14062,Zelzate,Werklocatie,1710,1710,
Q12993,Lembeke,Werklocatie,1710,1710,
Q107986613,Overleie,Werklocatie,1710,1710,
Q1483709,landeigenaar,Beroep,1710,1710,
Q478797,Harelbeke,Woonplaats,1710,1710,
Q3177595,Destelbergen,Woonplaats,1710,1710,
Q811620,boomkweker,Beroep,1710,1710,
Q17166634,hagiograaf,Beroep,1710,1710,
Q13424456,hymne-schrijver,Beroep,1710,1710,
Q1234713,theoloog,Beroep,1710,1710,
Q475931,Westerlo,Werklocatie,1710,1710,
Q90,Parijs,Werklocatie,1710,1710,
Q696907,Hooglede,Woonplaats,1710,1710,
Q131926511,"Congregatie van de Zusters Augustinessen, Menen",Werkgever,1710,1710,
Q261399,Thérouanne,Woonplaats,1710,1710,
Q690948,Lettelingen,Werklocatie,1710,1710,
Q587819,Londerzeel,Werklocatie,1710,1710,
Q834850,Borgerhout,Woonplaats,1710,1710,
Q247797,douanebeambte,Beroep,1710,1710,
Q10732476,kunstverzamelaar,Beroep,1710,1710,
Q50412149,Stadsarchief Leuven,Werkgever,1710,1710,
Q115706151,godsdienstleraar,Beroep,1710,1710,
Q2921791,De Vlaamsche Vlagge,Werkgever,1710,1710,
Q2262095,Sint-Pauwels,Werklocatie,1710,1710,
Q2358119,Vrasene,Werklocatie,1710,1710,
Q109925431,kopergieter,Beroep,1710,1710,
Q474306,klokkengieter,Beroep,1710,1710,
Q2053561,Pervijze,Werklocatie,1710,1710,
Q136750862,"Congregatie van de Zusters Paulinen, Poperinge",Werkgever,1710,1710,
Q2755150,Schuiferskapelle,Werklocatie,1710,1710,
Q2085862,Esen,Werklocatie,1710,1710,
Q735842,Ledegem,Werklocatie,1710,1710,
Q2042895,Noordschote,Werklocatie,1710,1710,
Q30,Verenigde Staten,Werklocatie,1710,1710,
Q16880249,dialectoloog,Beroep,1710,1710,
Q3195527,Kersbeek-Miskom,Werklocatie,1710,1710,
Q984868,Glabbeek,Werklocatie,1710,1710,
Q2436688,Neerlinter,Werklocatie,1710,1710,
Q456550,Tienen,Werklocatie,1710,1710,
Q273442,Aarschot,Werklocatie,1710,1710,
Q154549,timmerman,Beroep,1710,1710,
Q118541225,Hogere Handelsschool Leuven,Werkgever,1710,1710,
Q29016912,FelixArchief,Werkgever,1710,1710,
Q114037016,adjunct-conservator,Beroep,1710,1710,
Q2753709,Rijksarchief te Gent,Werkgever,1710,1710,
Q758780,hovenier,Beroep,1710,1710,
Q28521117,Théodore van de Walle,Werkgever,1710,1710,
Q19968805,spinner,Beroep,1710,1710,
Q16145150,muziekpedagoog,Beroep,1710,1710,
Q84961226,Stedelijk Conservatorium Brugge,Werkgever,1710,1710,
Q107212688,exlibrist,Beroep,1710,1710,
Q28389,scenarioschrijver,Beroep,1710,1710,
Q234,Vlaanderen,Werklocatie,1710,1710,
Q9337,Vlaams Gewest,Werklocatie,1710,1710,
Q1012352,Ingooigem,Woonplaats,1710,1710,
Q13418253,filoloog,Beroep,1710,1710,
Q14467526,taalkundige,Beroep,1710,1710,
Q2936361,Erasmiaans Gymnasium,Werkgever,1710,1710,
Q850730,Rijksuniversiteit Groningen,Werkgever,1710,1710,
Q749,Groningen,Werklocatie,1710,1710,
Q73221,Tiel,Werklocatie,1710,1710,
Q1642960,commentator,Beroep,1710,1710,
Q1113,West-Vlaanderen,Werklocatie,1710,1710,
Q185351,jurist,Beroep,1710,1710,
Q446966,restaurator,Beroep,1710,1710,
Q118612494,Congregatie van de Zusters van de Kindsheid van Maria Ter Spermalie,Werkgever,1710,1710,
Q2205233,Koninklijk Instituut Spermalie,Werkgever,1710,1710,
Q12896,Maldegem,Werklocatie,1710,1710,
Q1231865,pedagoog,Beroep,1710,1710,
Q4325830,Sint-Romboutscollege,Werkgever,1710,1710,
Q118495392,Sint-Jozefscollege (Aarschot),Werkgever,1710,1710,
Q661993,Alsemberg,Werklocatie,1710,1710,
Q27349,tandarts,Beroep,1710,1710,
Q4263842,literatuurcriticus,Beroep,1710,1710,
Q1792450,kunsthistoricus,Beroep,1710,1710,
Q4164507,kunstcriticus,Beroep,1710,1710,
Q1816228,Rijksakademie van beeldende kunsten,Werkgever,1710,1710,
Q448840,Alveringem,Werklocatie,1710,1710,
Q2041206,Moere,Werklocatie,1710,1710,
Q215793,kapelmeester,Beroep,1710,1710,
Q11997597,vertegenwoordiger,Beroep,1710,1710,
Q780596,curator,Beroep,1710,1710,
Q1660363,importeur,Beroep,1710,1710,
Q47090899,museummedewerker,Beroep,1710,1710,
Q213322,Victoria and Albert Museum,Werkgever,1710,1710,
Q5070708,Chance Brothers,Werkgever,1710,1710,
Q21004456,Oudheidkundig Genootschap van Brugge,Werkgever,1710,1710,
Q6970481,National Art Library,Werkgever,1710,1710,
Q2256,Birmingham,Werklocatie,1710,1710,
Q1045096,South Kensington,Werklocatie,1710,1710,
Q10429346,bibliograaf,Beroep,1710,1710,
Q18120029,bibliofiel,Beroep,1710,1710,
Q1137665,Universiteit Gent,Werkgever,1710,1710,
Q2538413,Sint-Denijs-Westrem,Woonplaats,1710,1710,
Q834850,Borgerhout,Werklocatie,1710,1710,
Q34001,Roubaix,Werklocatie,1710,1710,
Q34001,Roubaix,Woonplaats,1710,1710,
Q4773904,antropoloog,Beroep,1710,1710,
Q696825,Denderleeuw,Werklocatie,1710,1710,
Q123719897,"Rijksmiddelbare en Rijkstechnische School, Ieper",Werkgever,1710,1710,
Q621,Versailles,Werklocatie,1710,1710,
Q1402736,privaatdocent,Beroep,1710,1710,
Q2599593,germanist,Beroep,1710,1710,
Q586,Bonn,Werklocatie,1710,1710,
Q43631,Leiden,Werklocatie,1710,1710,
Q1023248,Oedelem,Woonplaats,1710,1710,
Q1012357,Vichte,Werklocatie,1710,1710,
Q430812,Sint-Michiels,Werklocatie,1710,1710,
Q1925963,graficus,Beroep,1710,1710,
Q25434898,afdelingsdirecteur,Beroep,1710,1710,
Q115825807,Jacob Petyt,Werkgever,1710,1710,
Q182481,Tourcoing,Werklocatie,1710,1710,
Q822146,liedtekstschrijver,Beroep,1710,1710,
Q499594,Ans,Werklocatie,1710,1710,
Q202954,Verviers,Werklocatie,1710,1710,
Q27895221,Sint-Pieterscollege,Werkgever,1710,1710,
Q1999262,Vollezele,Werklocatie,1710,1710,
Q2327757,Sint-Jozefscollege,Werkgever,1710,1710,
Q52101,Middelburg,Werklocatie,1710,1710,
Q860918,esperantist,Beroep,1710,1710,
Q2740329,Rijksarchief te Brugge,Werkgever,1710,1710,
Q120483446,De Toekomst,Werkgever,1710,1710,
Q64040765,De Grondwet,Werkgever,1710,1710,
Q3240440,La Ligue de l’Enseignement et de l’Education permanente,Werkgever,1710,1710,
Q4431761,De Schelde,Werkgever,1710,1710,
Q1180348,De Tijd,Werkgever,1710,1710,
Q1987052,Bovenkerk,Werklocatie,1710,1710,
Q9783,Roermond,Werklocatie,1710,1710,
Q2676632,Lapscheure,Werklocatie,1710,1710,
Q2499618,Koninklijk Atheneum Voskenslaan,Werkgever,1710,1710,
Q595802,Museum Plantin-Moretus,Werkgever,1710,1710,
Q33100553,Koninklijk Atheneum Antwerpen,Werkgever,1710,1710,
Q125965599,Koninklijk Atheneum Mechelen,Werkgever,1710,1710,
Q123556179,Clarissen - Monasterium van de H. Jozef Leuven/Kessel-Lo,Werkgever,1710,1710,
Q2564527,Erfgoedbibliotheek Hendrik Conscience,Werkgever,1710,1710,
Q1371378,etnoloog,Beroep,1710,1710,
Q25390,Leeuwarden,Werklocatie,1710,1710,
Q3465633,Sint-Trudoabdij,Werkgever,1710,1710,
Q118541114,Koninklijk Atheneum Brugge,Werkgever,1710,1710,
Q118522719,Koninklijk Atheneum Hasselt,Werkgever,1710,1710,
Q733786,monnik,Beroep,1710,1710,
Q10567966,liturgist,Beroep,1710,1710,
Q13581283,Maredsous,Werklocatie,1710,1710,
Q220,Rome,Werklocatie,1710,1710,
Q8678,Rio de Janeiro,Werklocatie,1710,1710,
Q28301,Olinda,Werklocatie,1710,1710,
Q1595570,heemkundige,Beroep,1710,1710,
Q120854550,Sint-Lodewijksschool Kortrijk,Werkgever,1710,1710,
Q2374149,botanicus,Beroep,1710,1710,
Q3380726,Hoofdstedelijk atheneum Karel Buls,Werkgever,1710,1710,
Q1287283,Serskamp,Werklocatie,1710,1710,
Q688377,Drogenbos,Werklocatie,1710,1710,
Q47064,militair,Beroep,1710,1710,
Q1884650,Perk,Werklocatie,1710,1710,
Q815948,Gistel,Werklocatie,1710,1710,
Q1847545,Nieuwkapelle,Werklocatie,1710,1710,
Q1708232,medailleur,Beroep,1710,1710,
Q38,Italië,Werklocatie,1710,1710,
Q2044,Florence,Werklocatie,1710,1710,
Q42973,architect,Beroep,1710,1710,
Q8178443,librettist,Beroep,1710,1710,
Q890339,Boezinge,Werklocatie,1710,1710,
Q11827483,gewoon hoogleraar,Beroep,1710,1710,
Q32391314,buitengewoon hoogleraar,Beroep,1710,1710,
Q11774202,essayist,Beroep,1710,1710,
Q2575787,Elverdinge,Werklocatie,1710,1710,
Q4555175,Ver-Assebroek,Werklocatie,1710,1710,
Q118559268,Koninklijk Atheneum Brussel,Werkgever,1710,1710,
Q59962242,Bibliotheek Rotterdam,Werkgever,1710,1710,
Q43631,Leiden,Woonplaats,1710,1710,
Q1266283,senior lecturer,Beroep,1710,1710,
Q768224,Universiteit van Valladolid,Werkgever,1710,1710,
Q219615,Universiteit van Barcelona,Werkgever,1710,1710,
Q57706,Pauselijke Zoeaven,Werkgever,1710,1710,
Q25393460,katholieke diaken,Beroep,1710,1710,
Q1015356,Mariakerke,Woonplaats,1710,1710,
Q111434472,Kasteel Ter Beken,Woonplaats,1710,1710,
Q16312408,etymoloog,Beroep,1710,1710,
Q35794,Universiteit van Cambridge,Werkgever,1710,1710,
Q350,Cambridge,Werklocatie,1710,1710,
Q3110832,Wulpen,Werklocatie,1710,1710,
Q1021018,El Harrach,Werklocatie,1710,1710,
Q15238339,Kibanga,Werklocatie,1710,1710,
Q13123333,Kibanga,Woonplaats,1710,1710,
Q1021018,El Harrach,Woonplaats,1710,1710,
Q3040923,Dudzele,Woonplaats,1710,1710,
Q2191260,Gustave Waffelaert,Werkgever,1710,1710,
Q120617895,Congregatie van de Dienstmaagden van de Zaligmaker,Werkgever,1710,1710,
Q2746779,Koninklijke Academie voor Schone Kunsten van Antwerpen,Werkgever,1710,1710,
Q120555736,Koninklijk Atheneum Moeskroen,Werkgever,1710,1710,
Q1471477,Koninklijk Museum voor Schone Kunsten Antwerpen,Werkgever,1710,1710,
Q158852,dirigent,Beroep,1710,1710,
Q1076502,koordirigent,Beroep,1710,1710,
Q1294787,handwerker,Beroep,1710,1710,
Q2789347,Lemmensinstituut,Werkgever,1710,1710,
Q336968,Koninklijk Conservatorium Brussel,Werkgever,1710,1710,
Q883211,gemeentesecretaris,Beroep,1710,1710,
Q15284,gemeente,Werkgever,1710,1710,
Q11213091,vredegerecht,Werkgever,1710,1710,
Q643980,Wetteren,Werklocatie,1710,1710,
Q12347522,etnograaf,Beroep,1710,1710,
Q263177,Schilde,Woonplaats,1710,1710,
Q488688,Wiertz Museum,Woonplaats,1710,1710,
Q15253558,activist,Beroep,1710,1710,
Q165736,Doesburg,Woonplaats,1710,1710,
Q13127,Sint-Niklaas,Woonplaats,1710,1710,
Q1864590,Sint-Jozef-Klein-Seminarie,Werkgever,1710,1710,
Q21600439,landschapsschilder,Beroep,1710,1710,
Q210003,Halle,Werklocatie,1710,1710,
Q294126,landmeter,Beroep,1710,1710,
Q4964182,filosoof,Beroep,1710,1710,
Q4728794,All Hallows College,Werkgever,1710,1710,
Q1518472,Catholic University of Ireland,Werkgever,1710,1710,
Q1761,Dublin,Werklocatie,1710,1710,
Q747599,Covington,Werklocatie,1710,1710,
Q1431633,Mount Clemens,Werklocatie,1710,1710,
Q64747274,bloemenkweker,Beroep,1710,1710,
Q3937018,Stanislascollege Tienen,Werkgever,1710,1710,
Q2869314,Athénée Royal de Namur,Werkgever,1710,1710,
Q207978,consul,Beroep,1710,1710,
Q21,Engeland,Werklocatie,1710,1710,
Q193391,diplomaat,Beroep,1710,1710,
Q190959,Transvaal,Woonplaats,1710,1710,
Q1817149,Wilsele,Werklocatie,1710,1710,
Q2565209,Melsbroek,Werklocatie,1710,1710,
Q516463,heraldicus,Beroep,1710,1710,
Q2443377,topograaf,Beroep,1710,1710,
Q1731155,oriëntalist,Beroep,1710,1710,
Q156598,Universiteit Leiden,Werkgever,1710,1710,
Q1309,Maastricht,Werklocatie,1710,1710,
Q79980,Benares,Werklocatie,1710,1710,
Q10855616,legerarts,Beroep,1710,1710,
Q329737,slager,Beroep,1710,1710,
Q16267607,klassiek filoloog,Beroep,1710,1710,
Q6625963,romanschrijver,Beroep,1710,1710,
Q209344,Universiteit Sapienza Rome,Werkgever,1710,1710,
Q3043179,definitor,Beroep,1710,1710,
Q2475316,Ellignies-Sainte-Anne,Werklocatie,1710,1710,
Q3589290,correspondent,Beroep,1710,1710,
Q5688340,Hazlewood Castle,Woonplaats,1710,1710,
Q5125871,Clapham Park,Woonplaats,1710,1710,
Q546635,Royal Leamington Spa,Woonplaats,1710,1710,
Q3409375,Anglicaans priester,Beroep,1710,1710,
Q23154,Bristol,Werklocatie,1710,1710,
Q1607826,redacteur,Beroep,1710,1710,
Q108800792,apostolic prefect,Beroep,1710,1710,
Q62132,Lapland,Werklocatie,1710,1710,
Q189,IJsland,Werklocatie,1710,1710,
Q28549650,Koninklijke Academie voor Schone Kunsten van Kortrijk,Werkgever,1710,1710,
Q12995,Kortrijk,Werkgever,1710,1710,
Q63122451,Stadsarchief Kortrijk,Werkgever,1710,1710,
Q7239684,predikant,Beroep,1710,1710,
Q432386,prediker,Beroep,1710,1710,
Q2798071,Sinoutskerke,Werklocatie,1710,1710,
Q2856296,Sint Kruis,Werklocatie,1710,1710,
Q81220,Goes,Werklocatie,1710,1710,
Q1367576,Vrouwenpolder,Werklocatie,1710,1710,
Q2065987,Sluis,Werklocatie,1710,1710,
Q2616736,Sint Anna ter Muiden,Werklocatie,1710,1710,
Q1809061,s-Heer Abtskerke,Werklocatie,1710,1710,
Q214341,Universiteit van Amsterdam,Werkgever,1710,1710,
Q14972848,lexicograaf,Beroep,1710,1710,
Q1734662,cartograaf,Beroep,1710,1710,
Q901402,geograaf,Beroep,1710,1710,
Q17505002,studie-historicus,Beroep,1710,1710,
Q1726,München,Werklocatie,1710,1710,
Q2966,Heidelberg,Werklocatie,1710,1710,
Q2079,Leipzig,Werklocatie,1710,1710,